Channel,Date,New fans,Region,Fans
Facebook,2/12/2014 0:00,0,Australia,111380
Facebook,2/12/2014 0:00,0,India,337694
Facebook,2/12/2014 0:00,0,Indonesia,288741
Facebook,2/12/2014 0:00,0,Malaysia,210256
Facebook,2/12/2014 0:00,0,New Zealand,27565
Facebook,2/12/2014 0:00,0,Philippines,50355
Facebook,2/12/2014 0:00,0,Singapore,86369
Instagram,2/12/2014 0:00,0,Australia,17021
Instagram,2/12/2014 0:00,0,India,13601
Instagram,2/12/2014 0:00,0,Indonesia,36579
Instagram,2/12/2014 0:00,0,Malaysia,7483
Instagram,2/12/2014 0:00,0,New Zealand,1626
Instagram,2/12/2014 0:00,0,Singapore,4025
Twitter,2/12/2014 0:00,0,Australia,4612
Twitter,2/12/2014 0:00,0,India,9726
Twitter,2/12/2014 0:00,0,Indonesia,104178
Twitter,2/12/2014 0:00,0,Malaysia,4466
Twitter,2/12/2014 0:00,0,New Zealand,4862
Twitter,2/12/2014 0:00,0,Philippines,2550
Twitter,2/12/2014 0:00,0,Singapore,217
Facebook,3/12/2014 0:00,0,Australia,0
Facebook,3/12/2014 0:00,0,India,0
Facebook,3/12/2014 0:00,0,Indonesia,0
Facebook,3/12/2014 0:00,0,Malaysia,0
Facebook,3/12/2014 0:00,0,New Zealand,0
Facebook,3/12/2014 0:00,0,Philippines,0
Facebook,3/12/2014 0:00,0,Singapore,0
Instagram,3/12/2014 0:00,0,Australia,0
Instagram,3/12/2014 0:00,0,India,0
Instagram,3/12/2014 0:00,0,Indonesia,0
Instagram,3/12/2014 0:00,0,Malaysia,0
Instagram,3/12/2014 0:00,0,New Zealand,0
Instagram,3/12/2014 0:00,0,Singapore,0
Twitter,3/12/2014 0:00,0,Australia,0
Twitter,3/12/2014 0:00,0,India,0
Twitter,3/12/2014 0:00,0,Indonesia,0
Twitter,3/12/2014 0:00,0,Malaysia,0
Twitter,3/12/2014 0:00,0,New Zealand,0
Twitter,3/12/2014 0:00,0,Philippines,0
Twitter,3/12/2014 0:00,0,Singapore,0
Facebook,4/12/2014 0:00,0,Australia,0
Facebook,4/12/2014 0:00,0,India,0
Facebook,4/12/2014 0:00,0,Indonesia,0
Facebook,4/12/2014 0:00,0,Malaysia,0
Facebook,4/12/2014 0:00,0,New Zealand,0
Facebook,4/12/2014 0:00,0,Philippines,0
Facebook,4/12/2014 0:00,0,Singapore,0
Instagram,4/12/2014 0:00,0,Australia,0
Instagram,4/12/2014 0:00,0,India,0
Instagram,4/12/2014 0:00,0,Indonesia,0
Instagram,4/12/2014 0:00,0,Malaysia,0
Instagram,4/12/2014 0:00,0,New Zealand,0
Instagram,4/12/2014 0:00,0,Singapore,0
Twitter,4/12/2014 0:00,0,Australia,0
Twitter,4/12/2014 0:00,0,India,0
Twitter,4/12/2014 0:00,0,Indonesia,0
Twitter,4/12/2014 0:00,0,Malaysia,0
Twitter,4/12/2014 0:00,0,New Zealand,0
Twitter,4/12/2014 0:00,0,Philippines,0
Twitter,4/12/2014 0:00,0,Singapore,0
Facebook,5/12/2014 0:00,0,Australia,0
Facebook,5/12/2014 0:00,0,India,0
Facebook,5/12/2014 0:00,0,Indonesia,0
Facebook,5/12/2014 0:00,0,Malaysia,0
Facebook,5/12/2014 0:00,0,New Zealand,0
Facebook,5/12/2014 0:00,0,Philippines,0
Facebook,5/12/2014 0:00,0,Singapore,0
Instagram,5/12/2014 0:00,0,Australia,0
Instagram,5/12/2014 0:00,0,India,0
Instagram,5/12/2014 0:00,0,Indonesia,0
Instagram,5/12/2014 0:00,0,Malaysia,0
Instagram,5/12/2014 0:00,0,New Zealand,0
Instagram,5/12/2014 0:00,0,Singapore,0
Twitter,5/12/2014 0:00,0,Australia,0
Twitter,5/12/2014 0:00,0,India,0
Twitter,5/12/2014 0:00,0,Indonesia,0
Twitter,5/12/2014 0:00,0,Malaysia,0
Twitter,5/12/2014 0:00,0,New Zealand,0
Twitter,5/12/2014 0:00,0,Philippines,0
Twitter,5/12/2014 0:00,0,Singapore,0
Facebook,6/12/2014 0:00,0,Australia,0
Facebook,6/12/2014 0:00,0,India,0
Facebook,6/12/2014 0:00,0,Indonesia,0
Facebook,6/12/2014 0:00,0,Malaysia,0
Facebook,6/12/2014 0:00,0,New Zealand,0
Facebook,6/12/2014 0:00,0,Philippines,0
Facebook,6/12/2014 0:00,0,Singapore,0
Instagram,6/12/2014 0:00,0,Australia,0
Instagram,6/12/2014 0:00,0,India,0
Instagram,6/12/2014 0:00,0,Indonesia,0
Instagram,6/12/2014 0:00,0,Malaysia,0
Instagram,6/12/2014 0:00,0,New Zealand,0
Instagram,6/12/2014 0:00,0,Singapore,0
Twitter,6/12/2014 0:00,0,Australia,0
Twitter,6/12/2014 0:00,0,India,0
Twitter,6/12/2014 0:00,0,Indonesia,0
Twitter,6/12/2014 0:00,0,Malaysia,0
Twitter,6/12/2014 0:00,0,New Zealand,0
Twitter,6/12/2014 0:00,0,Philippines,0
Twitter,6/12/2014 0:00,0,Singapore,0
Facebook,7/12/2014 0:00,0,Australia,0
Facebook,7/12/2014 0:00,0,India,0
Facebook,7/12/2014 0:00,0,Indonesia,0
Facebook,7/12/2014 0:00,0,Malaysia,0
Facebook,7/12/2014 0:00,0,New Zealand,0
Facebook,7/12/2014 0:00,0,Philippines,0
Facebook,7/12/2014 0:00,0,Singapore,0
Instagram,7/12/2014 0:00,0,Australia,0
Instagram,7/12/2014 0:00,0,India,0
Instagram,7/12/2014 0:00,0,Indonesia,0
Instagram,7/12/2014 0:00,0,Malaysia,0
Instagram,7/12/2014 0:00,0,New Zealand,0
Instagram,7/12/2014 0:00,0,Singapore,0
Twitter,7/12/2014 0:00,0,Australia,0
Twitter,7/12/2014 0:00,0,India,0
Twitter,7/12/2014 0:00,0,Indonesia,0
Twitter,7/12/2014 0:00,0,Malaysia,0
Twitter,7/12/2014 0:00,0,New Zealand,0
Twitter,7/12/2014 0:00,0,Philippines,0
Twitter,7/12/2014 0:00,0,Singapore,0
Facebook,8/12/2014 0:00,0,Australia,0
Facebook,8/12/2014 0:00,0,India,0
Facebook,8/12/2014 0:00,0,Indonesia,0
Facebook,8/12/2014 0:00,0,Malaysia,0
Facebook,8/12/2014 0:00,0,New Zealand,0
Facebook,8/12/2014 0:00,0,Philippines,0
Facebook,8/12/2014 0:00,0,Singapore,0
Instagram,8/12/2014 0:00,0,Australia,0
Instagram,8/12/2014 0:00,0,India,0
Instagram,8/12/2014 0:00,0,Indonesia,0
Instagram,8/12/2014 0:00,0,Malaysia,0
Instagram,8/12/2014 0:00,0,New Zealand,0
Instagram,8/12/2014 0:00,0,Singapore,0
Twitter,8/12/2014 0:00,0,Australia,0
Twitter,8/12/2014 0:00,0,India,0
Twitter,8/12/2014 0:00,0,Indonesia,0
Twitter,8/12/2014 0:00,0,Malaysia,0
Twitter,8/12/2014 0:00,0,New Zealand,0
Twitter,8/12/2014 0:00,0,Philippines,0
Twitter,8/12/2014 0:00,0,Singapore,0
Facebook,9/12/2014 0:00,0,Australia,0
Facebook,9/12/2014 0:00,0,India,0
Facebook,9/12/2014 0:00,0,Indonesia,0
Facebook,9/12/2014 0:00,0,Malaysia,0
Facebook,9/12/2014 0:00,0,New Zealand,0
Facebook,9/12/2014 0:00,0,Philippines,0
Facebook,9/12/2014 0:00,0,Singapore,0
Instagram,9/12/2014 0:00,0,Australia,0
Instagram,9/12/2014 0:00,0,India,0
Instagram,9/12/2014 0:00,0,Indonesia,0
Instagram,9/12/2014 0:00,0,Malaysia,0
Instagram,9/12/2014 0:00,0,New Zealand,0
Instagram,9/12/2014 0:00,0,Singapore,0
Twitter,9/12/2014 0:00,0,Australia,0
Twitter,9/12/2014 0:00,0,India,0
Twitter,9/12/2014 0:00,0,Indonesia,0
Twitter,9/12/2014 0:00,0,Malaysia,0
Twitter,9/12/2014 0:00,0,New Zealand,0
Twitter,9/12/2014 0:00,0,Philippines,0
Twitter,9/12/2014 0:00,0,Singapore,0
Facebook,10/12/2014 0:00,0,Australia,0
Facebook,10/12/2014 0:00,0,India,0
Facebook,10/12/2014 0:00,0,Indonesia,0
Facebook,10/12/2014 0:00,0,Malaysia,0
Facebook,10/12/2014 0:00,0,New Zealand,0
Facebook,10/12/2014 0:00,0,Philippines,0
Facebook,10/12/2014 0:00,0,Singapore,0
Instagram,10/12/2014 0:00,0,Australia,0
Instagram,10/12/2014 0:00,0,India,0
Instagram,10/12/2014 0:00,0,Indonesia,0
Instagram,10/12/2014 0:00,0,Malaysia,0
Instagram,10/12/2014 0:00,0,New Zealand,0
Instagram,10/12/2014 0:00,0,Singapore,0
Twitter,10/12/2014 0:00,0,Australia,0
Twitter,10/12/2014 0:00,0,India,0
Twitter,10/12/2014 0:00,0,Indonesia,0
Twitter,10/12/2014 0:00,0,Malaysia,0
Twitter,10/12/2014 0:00,0,New Zealand,0
Twitter,10/12/2014 0:00,0,Philippines,0
Twitter,10/12/2014 0:00,0,Singapore,0
Facebook,11/12/2014 0:00,0,Australia,0
Facebook,11/12/2014 0:00,0,India,0
Facebook,11/12/2014 0:00,0,Indonesia,0
Facebook,11/12/2014 0:00,0,Malaysia,0
Facebook,11/12/2014 0:00,0,New Zealand,0
Facebook,11/12/2014 0:00,0,Philippines,0
Facebook,11/12/2014 0:00,0,Singapore,0
Instagram,11/12/2014 0:00,0,Australia,0
Instagram,11/12/2014 0:00,0,India,0
Instagram,11/12/2014 0:00,0,Indonesia,0
Instagram,11/12/2014 0:00,0,Malaysia,0
Instagram,11/12/2014 0:00,0,New Zealand,0
Instagram,11/12/2014 0:00,0,Singapore,0
Twitter,11/12/2014 0:00,0,Australia,0
Twitter,11/12/2014 0:00,0,India,0
Twitter,11/12/2014 0:00,0,Indonesia,0
Twitter,11/12/2014 0:00,0,Malaysia,0
Twitter,11/12/2014 0:00,0,New Zealand,0
Twitter,11/12/2014 0:00,0,Philippines,0
Twitter,11/12/2014 0:00,0,Singapore,0
Facebook,12/12/2014 0:00,0,Australia,0
Facebook,12/12/2014 0:00,0,India,0
Facebook,12/12/2014 0:00,0,Indonesia,0
Facebook,12/12/2014 0:00,0,Malaysia,0
Facebook,12/12/2014 0:00,0,New Zealand,0
Facebook,12/12/2014 0:00,0,Philippines,0
Facebook,12/12/2014 0:00,0,Singapore,0
Instagram,12/12/2014 0:00,0,Australia,0
Instagram,12/12/2014 0:00,0,India,0
Instagram,12/12/2014 0:00,0,Indonesia,0
Instagram,12/12/2014 0:00,0,Malaysia,0
Instagram,12/12/2014 0:00,0,New Zealand,0
Instagram,12/12/2014 0:00,0,Singapore,0
Twitter,12/12/2014 0:00,0,Australia,0
Twitter,12/12/2014 0:00,0,India,0
Twitter,12/12/2014 0:00,0,Indonesia,0
Twitter,12/12/2014 0:00,0,Malaysia,0
Twitter,12/12/2014 0:00,0,New Zealand,0
Twitter,12/12/2014 0:00,0,Philippines,0
Twitter,12/12/2014 0:00,0,Singapore,0
Facebook,13/12/2014 0:00,0,Australia,0
Facebook,13/12/2014 0:00,0,India,0
Facebook,13/12/2014 0:00,0,Indonesia,0
Facebook,13/12/2014 0:00,0,Malaysia,0
Facebook,13/12/2014 0:00,0,New Zealand,0
Facebook,13/12/2014 0:00,0,Philippines,0
Facebook,13/12/2014 0:00,0,Singapore,0
Instagram,13/12/2014 0:00,0,Australia,0
Instagram,13/12/2014 0:00,0,India,0
Instagram,13/12/2014 0:00,0,Indonesia,0
Instagram,13/12/2014 0:00,0,Malaysia,0
Instagram,13/12/2014 0:00,0,New Zealand,0
Instagram,13/12/2014 0:00,0,Singapore,0
Twitter,13/12/2014 0:00,0,Australia,0
Twitter,13/12/2014 0:00,0,India,0
Twitter,13/12/2014 0:00,0,Indonesia,0
Twitter,13/12/2014 0:00,0,Malaysia,0
Twitter,13/12/2014 0:00,0,New Zealand,0
Twitter,13/12/2014 0:00,0,Philippines,0
Twitter,13/12/2014 0:00,0,Singapore,0
Facebook,14/12/2014 0:00,0,Australia,0
Facebook,14/12/2014 0:00,0,India,0
Facebook,14/12/2014 0:00,0,Indonesia,0
Facebook,14/12/2014 0:00,0,Malaysia,0
Facebook,14/12/2014 0:00,0,New Zealand,0
Facebook,14/12/2014 0:00,0,Philippines,0
Facebook,14/12/2014 0:00,0,Singapore,0
Instagram,14/12/2014 0:00,0,Australia,0
Instagram,14/12/2014 0:00,0,India,0
Instagram,14/12/2014 0:00,0,Indonesia,0
Instagram,14/12/2014 0:00,0,Malaysia,0
Instagram,14/12/2014 0:00,0,New Zealand,0
Instagram,14/12/2014 0:00,0,Singapore,0
Twitter,14/12/2014 0:00,0,Australia,0
Twitter,14/12/2014 0:00,0,India,0
Twitter,14/12/2014 0:00,0,Indonesia,0
Twitter,14/12/2014 0:00,0,Malaysia,0
Twitter,14/12/2014 0:00,0,New Zealand,0
Twitter,14/12/2014 0:00,0,Philippines,0
Twitter,14/12/2014 0:00,0,Singapore,0
Facebook,15/12/2014 0:00,0,Australia,0
Facebook,15/12/2014 0:00,0,India,0
Facebook,15/12/2014 0:00,0,Indonesia,0
Facebook,15/12/2014 0:00,0,Malaysia,0
Facebook,15/12/2014 0:00,0,New Zealand,0
Facebook,15/12/2014 0:00,0,Philippines,0
Facebook,15/12/2014 0:00,0,Singapore,0
Instagram,15/12/2014 0:00,0,Australia,0
Instagram,15/12/2014 0:00,0,India,0
Instagram,15/12/2014 0:00,0,Indonesia,0
Instagram,15/12/2014 0:00,0,Malaysia,0
Instagram,15/12/2014 0:00,0,New Zealand,0
Instagram,15/12/2014 0:00,0,Singapore,0
Twitter,15/12/2014 0:00,0,Australia,0
Twitter,15/12/2014 0:00,0,India,0
Twitter,15/12/2014 0:00,0,Indonesia,0
Twitter,15/12/2014 0:00,0,Malaysia,0
Twitter,15/12/2014 0:00,0,New Zealand,0
Twitter,15/12/2014 0:00,0,Philippines,0
Twitter,15/12/2014 0:00,0,Singapore,0
Facebook,16/12/2014 0:00,1,Australia,1
Facebook,16/12/2014 0:00,70,India,70
Facebook,16/12/2014 0:00,4,Indonesia,4
Facebook,16/12/2014 0:00,26,Malaysia,26
Facebook,16/12/2014 0:00,11,New Zealand,11
Facebook,16/12/2014 0:00,4,Philippines,4
Facebook,16/12/2014 0:00,5,Singapore,5
Instagram,16/12/2014 0:00,42,Australia,42
Instagram,16/12/2014 0:00,15,India,15
Instagram,16/12/2014 0:00,34,Indonesia,34
Instagram,16/12/2014 0:00,6,Malaysia,6
Instagram,16/12/2014 0:00,3,New Zealand,3
Instagram,16/12/2014 0:00,3,Singapore,3
Twitter,16/12/2014 0:00,1,Australia,1
Twitter,16/12/2014 0:00,7,India,7
Twitter,16/12/2014 0:00,8,Indonesia,8
Twitter,16/12/2014 0:00,0,Malaysia,0
Twitter,16/12/2014 0:00,3,New Zealand,3
Twitter,16/12/2014 0:00,-1,Philippines,-1
Twitter,16/12/2014 0:00,15,Singapore,15
Facebook,17/12/2014 0:00,-1,Australia,-1
Facebook,17/12/2014 0:00,252,India,252
Facebook,17/12/2014 0:00,36,Indonesia,36
Facebook,17/12/2014 0:00,37,Malaysia,37
Facebook,17/12/2014 0:00,22,New Zealand,22
Facebook,17/12/2014 0:00,13,Philippines,13
Facebook,17/12/2014 0:00,13,Singapore,13
Instagram,17/12/2014 0:00,215,Australia,215
Instagram,17/12/2014 0:00,49,India,49
Instagram,17/12/2014 0:00,81,Indonesia,81
Instagram,17/12/2014 0:00,10,Malaysia,10
Instagram,17/12/2014 0:00,3,New Zealand,3
Instagram,17/12/2014 0:00,-1,Singapore,-1
Twitter,17/12/2014 0:00,7,Australia,7
Twitter,17/12/2014 0:00,11,India,11
Twitter,17/12/2014 0:00,40,Indonesia,40
Twitter,17/12/2014 0:00,0,Malaysia,0
Twitter,17/12/2014 0:00,2,New Zealand,2
Twitter,17/12/2014 0:00,0,Philippines,0
Twitter,17/12/2014 0:00,26,Singapore,26
Facebook,18/12/2014 0:00,205,Australia,205
Facebook,18/12/2014 0:00,209,India,209
Facebook,18/12/2014 0:00,33,Indonesia,33
Facebook,18/12/2014 0:00,45,Malaysia,45
Facebook,18/12/2014 0:00,196,New Zealand,196
Facebook,18/12/2014 0:00,15,Philippines,15
Facebook,18/12/2014 0:00,17,Singapore,17
Instagram,18/12/2014 0:00,-416,Australia,-416
Instagram,18/12/2014 0:00,-120,India,-120
Instagram,18/12/2014 0:00,-367,Indonesia,-367
Instagram,18/12/2014 0:00,2,Malaysia,2
Instagram,18/12/2014 0:00,3,New Zealand,3
Instagram,18/12/2014 0:00,1,Singapore,1
Twitter,18/12/2014 0:00,8,Australia,8
Twitter,18/12/2014 0:00,15,India,15
Twitter,18/12/2014 0:00,-101,Indonesia,-101
Twitter,18/12/2014 0:00,2,Malaysia,2
Twitter,18/12/2014 0:00,1,New Zealand,1
Twitter,18/12/2014 0:00,2,Philippines,2
Twitter,18/12/2014 0:00,27,Singapore,27
Facebook,19/12/2014 0:00,37,Australia,37
Facebook,19/12/2014 0:00,254,India,254
Facebook,19/12/2014 0:00,38,Indonesia,38
Facebook,19/12/2014 0:00,31,Malaysia,31
Facebook,19/12/2014 0:00,168,New Zealand,168
Facebook,19/12/2014 0:00,13,Philippines,13
Facebook,19/12/2014 0:00,16,Singapore,16
Instagram,19/12/2014 0:00,-124,Australia,-124
Instagram,19/12/2014 0:00,68,India,68
Instagram,19/12/2014 0:00,23,Indonesia,23
Instagram,19/12/2014 0:00,337,Malaysia,337
Instagram,19/12/2014 0:00,-52,New Zealand,-52
Instagram,19/12/2014 0:00,-114,Singapore,-114
Twitter,19/12/2014 0:00,2,Australia,2
Twitter,19/12/2014 0:00,20,India,20
Twitter,19/12/2014 0:00,-15,Indonesia,-15
Twitter,19/12/2014 0:00,6,Malaysia,6
Twitter,19/12/2014 0:00,4,New Zealand,4
Twitter,19/12/2014 0:00,0,Philippines,0
Twitter,19/12/2014 0:00,12,Singapore,12
Facebook,20/12/2014 0:00,34,Australia,34
Facebook,20/12/2014 0:00,231,India,231
Facebook,20/12/2014 0:00,24,Indonesia,24
Facebook,20/12/2014 0:00,39,Malaysia,39
Facebook,20/12/2014 0:00,22,New Zealand,22
Facebook,20/12/2014 0:00,21,Philippines,21
Facebook,20/12/2014 0:00,5,Singapore,5
Instagram,20/12/2014 0:00,16,Australia,16
Instagram,20/12/2014 0:00,58,India,58
Instagram,20/12/2014 0:00,50,Indonesia,50
Instagram,20/12/2014 0:00,22,Malaysia,22
Instagram,20/12/2014 0:00,4,New Zealand,4
Instagram,20/12/2014 0:00,13,Singapore,13
Twitter,20/12/2014 0:00,3,Australia,3
Twitter,20/12/2014 0:00,13,India,13
Twitter,20/12/2014 0:00,16,Indonesia,16
Twitter,20/12/2014 0:00,1,Malaysia,1
Twitter,20/12/2014 0:00,1,New Zealand,1
Twitter,20/12/2014 0:00,0,Philippines,0
Twitter,20/12/2014 0:00,15,Singapore,15
Facebook,21/12/2014 0:00,16,Australia,16
Facebook,21/12/2014 0:00,295,India,295
Facebook,21/12/2014 0:00,32,Indonesia,32
Facebook,21/12/2014 0:00,39,Malaysia,39
Facebook,21/12/2014 0:00,42,New Zealand,42
Facebook,21/12/2014 0:00,17,Philippines,17
Facebook,21/12/2014 0:00,12,Singapore,12
Instagram,21/12/2014 0:00,41,Australia,41
Instagram,21/12/2014 0:00,87,India,87
Instagram,21/12/2014 0:00,58,Indonesia,58
Instagram,21/12/2014 0:00,40,Malaysia,40
Instagram,21/12/2014 0:00,9,New Zealand,9
Instagram,21/12/2014 0:00,14,Singapore,14
Twitter,21/12/2014 0:00,-2,Australia,-2
Twitter,21/12/2014 0:00,9,India,9
Twitter,21/12/2014 0:00,13,Indonesia,13
Twitter,21/12/2014 0:00,3,Malaysia,3
Twitter,21/12/2014 0:00,2,New Zealand,2
Twitter,21/12/2014 0:00,-1,Philippines,-1
Twitter,21/12/2014 0:00,4,Singapore,4
Facebook,22/12/2014 0:00,124,Australia,124
Facebook,22/12/2014 0:00,287,India,287
Facebook,22/12/2014 0:00,25,Indonesia,25
Facebook,22/12/2014 0:00,41,Malaysia,41
Facebook,22/12/2014 0:00,96,New Zealand,96
Facebook,22/12/2014 0:00,5,Philippines,5
Facebook,22/12/2014 0:00,15,Singapore,15
Instagram,22/12/2014 0:00,12,Australia,12
Instagram,22/12/2014 0:00,47,India,47
Instagram,22/12/2014 0:00,66,Indonesia,66
Instagram,22/12/2014 0:00,15,Malaysia,15
Instagram,22/12/2014 0:00,11,New Zealand,11
Instagram,22/12/2014 0:00,0,Singapore,0
Twitter,22/12/2014 0:00,2,Australia,2
Twitter,22/12/2014 0:00,7,India,7
Twitter,22/12/2014 0:00,-57,Indonesia,-57
Twitter,22/12/2014 0:00,3,Malaysia,3
Twitter,22/12/2014 0:00,-1,New Zealand,-1
Twitter,22/12/2014 0:00,0,Philippines,0
Twitter,22/12/2014 0:00,-1,Singapore,-1
Facebook,23/12/2014 0:00,14,Australia,14
Facebook,23/12/2014 0:00,248,India,248
Facebook,23/12/2014 0:00,25,Indonesia,25
Facebook,23/12/2014 0:00,30,Malaysia,30
Facebook,23/12/2014 0:00,44,New Zealand,44
Facebook,23/12/2014 0:00,25,Philippines,25
Facebook,23/12/2014 0:00,12,Singapore,12
Instagram,23/12/2014 0:00,13,Australia,13
Instagram,23/12/2014 0:00,47,India,47
Instagram,23/12/2014 0:00,97,Indonesia,97
Instagram,23/12/2014 0:00,11,Malaysia,11
Instagram,23/12/2014 0:00,4,New Zealand,4
Instagram,23/12/2014 0:00,6,Singapore,6
Twitter,23/12/2014 0:00,0,Australia,0
Twitter,23/12/2014 0:00,-19,India,-19
Twitter,23/12/2014 0:00,-62,Indonesia,-62
Twitter,23/12/2014 0:00,3,Malaysia,3
Twitter,23/12/2014 0:00,-1,New Zealand,-1
Twitter,23/12/2014 0:00,2,Philippines,2
Twitter,23/12/2014 0:00,0,Singapore,0
Facebook,24/12/2014 0:00,10,Australia,10
Facebook,24/12/2014 0:00,219,India,219
Facebook,24/12/2014 0:00,42,Indonesia,42
Facebook,24/12/2014 0:00,46,Malaysia,46
Facebook,24/12/2014 0:00,27,New Zealand,27
Facebook,24/12/2014 0:00,12,Philippines,12
Facebook,24/12/2014 0:00,7,Singapore,7
Instagram,24/12/2014 0:00,14,Australia,14
Instagram,24/12/2014 0:00,33,India,33
Instagram,24/12/2014 0:00,63,Indonesia,63
Instagram,24/12/2014 0:00,-2,Malaysia,-2
Instagram,24/12/2014 0:00,9,New Zealand,9
Instagram,24/12/2014 0:00,9,Singapore,9
Twitter,24/12/2014 0:00,-3,Australia,-3
Twitter,24/12/2014 0:00,-18,India,-18
Twitter,24/12/2014 0:00,-340,Indonesia,-340
Twitter,24/12/2014 0:00,1,Malaysia,1
Twitter,24/12/2014 0:00,1,New Zealand,1
Twitter,24/12/2014 0:00,-3,Philippines,-3
Twitter,24/12/2014 0:00,-1,Singapore,-1
Facebook,25/12/2014 0:00,6,Australia,6
Facebook,25/12/2014 0:00,244,India,244
Facebook,25/12/2014 0:00,17,Indonesia,17
Facebook,25/12/2014 0:00,39,Malaysia,39
Facebook,25/12/2014 0:00,23,New Zealand,23
Facebook,25/12/2014 0:00,10,Philippines,10
Facebook,25/12/2014 0:00,4,Singapore,4
Instagram,25/12/2014 0:00,15,Australia,15
Instagram,25/12/2014 0:00,45,India,45
Instagram,25/12/2014 0:00,67,Indonesia,67
Instagram,25/12/2014 0:00,13,Malaysia,13
Instagram,25/12/2014 0:00,6,New Zealand,6
Instagram,25/12/2014 0:00,10,Singapore,10
Twitter,25/12/2014 0:00,5,Australia,5
Twitter,25/12/2014 0:00,34,India,34
Twitter,25/12/2014 0:00,18,Indonesia,18
Twitter,25/12/2014 0:00,1,Malaysia,1
Twitter,25/12/2014 0:00,-1,New Zealand,-1
Twitter,25/12/2014 0:00,-1,Philippines,-1
Twitter,25/12/2014 0:00,0,Singapore,0
Facebook,26/12/2014 0:00,138,Australia,138
Facebook,26/12/2014 0:00,232,India,232
Facebook,26/12/2014 0:00,42,Indonesia,42
Facebook,26/12/2014 0:00,27,Malaysia,27
Facebook,26/12/2014 0:00,55,New Zealand,55
Facebook,26/12/2014 0:00,22,Philippines,22
Facebook,26/12/2014 0:00,9,Singapore,9
Instagram,26/12/2014 0:00,19,Australia,19
Instagram,26/12/2014 0:00,10,India,10
Instagram,26/12/2014 0:00,45,Indonesia,45
Instagram,26/12/2014 0:00,10,Malaysia,10
Instagram,26/12/2014 0:00,8,New Zealand,8
Instagram,26/12/2014 0:00,4,Singapore,4
Twitter,26/12/2014 0:00,1,Australia,1
Twitter,26/12/2014 0:00,13,India,13
Twitter,26/12/2014 0:00,21,Indonesia,21
Twitter,26/12/2014 0:00,0,Malaysia,0
Twitter,26/12/2014 0:00,1,New Zealand,1
Twitter,26/12/2014 0:00,1,Philippines,1
Twitter,26/12/2014 0:00,-2,Singapore,-2
Facebook,27/12/2014 0:00,250,Australia,250
Facebook,27/12/2014 0:00,219,India,219
Facebook,27/12/2014 0:00,32,Indonesia,32
Facebook,27/12/2014 0:00,30,Malaysia,30
Facebook,27/12/2014 0:00,91,New Zealand,91
Facebook,27/12/2014 0:00,22,Philippines,22
Facebook,27/12/2014 0:00,3,Singapore,3
Instagram,27/12/2014 0:00,55,Australia,55
Instagram,27/12/2014 0:00,114,India,114
Instagram,27/12/2014 0:00,50,Indonesia,50
Instagram,27/12/2014 0:00,17,Malaysia,17
Instagram,27/12/2014 0:00,11,New Zealand,11
Instagram,27/12/2014 0:00,2,Singapore,2
Twitter,27/12/2014 0:00,1,Australia,1
Twitter,27/12/2014 0:00,7,India,7
Twitter,27/12/2014 0:00,39,Indonesia,39
Twitter,27/12/2014 0:00,4,Malaysia,4
Twitter,27/12/2014 0:00,-1,New Zealand,-1
Twitter,27/12/2014 0:00,1,Philippines,1
Twitter,27/12/2014 0:00,-1,Singapore,-1
Facebook,28/12/2014 0:00,299,Australia,299
Facebook,28/12/2014 0:00,212,India,212
Facebook,28/12/2014 0:00,30,Indonesia,30
Facebook,28/12/2014 0:00,31,Malaysia,31
Facebook,28/12/2014 0:00,64,New Zealand,64
Facebook,28/12/2014 0:00,22,Philippines,22
Facebook,28/12/2014 0:00,8,Singapore,8
Instagram,28/12/2014 0:00,15,Australia,15
Instagram,28/12/2014 0:00,68,India,68
Instagram,28/12/2014 0:00,55,Indonesia,55
Instagram,28/12/2014 0:00,15,Malaysia,15
Instagram,28/12/2014 0:00,0,New Zealand,0
Instagram,28/12/2014 0:00,1,Singapore,1
Twitter,28/12/2014 0:00,1,Australia,1
Twitter,28/12/2014 0:00,10,India,10
Twitter,28/12/2014 0:00,36,Indonesia,36
Twitter,28/12/2014 0:00,2,Malaysia,2
Twitter,28/12/2014 0:00,1,New Zealand,1
Twitter,28/12/2014 0:00,0,Philippines,0
Twitter,28/12/2014 0:00,0,Singapore,0
Facebook,29/12/2014 0:00,287,Australia,287
Facebook,29/12/2014 0:00,266,India,266
Facebook,29/12/2014 0:00,32,Indonesia,32
Facebook,29/12/2014 0:00,38,Malaysia,38
Facebook,29/12/2014 0:00,16,New Zealand,16
Facebook,29/12/2014 0:00,24,Philippines,24
Facebook,29/12/2014 0:00,8,Singapore,8
Instagram,29/12/2014 0:00,23,Australia,23
Instagram,29/12/2014 0:00,38,India,38
Instagram,29/12/2014 0:00,80,Indonesia,80
Instagram,29/12/2014 0:00,11,Malaysia,11
Instagram,29/12/2014 0:00,7,New Zealand,7
Instagram,29/12/2014 0:00,7,Singapore,7
Twitter,29/12/2014 0:00,8,Australia,8
Twitter,29/12/2014 0:00,11,India,11
Twitter,29/12/2014 0:00,37,Indonesia,37
Twitter,29/12/2014 0:00,0,Malaysia,0
Twitter,29/12/2014 0:00,1,New Zealand,1
Twitter,29/12/2014 0:00,0,Philippines,0
Twitter,29/12/2014 0:00,-3,Singapore,-3
Facebook,30/12/2014 0:00,196,Australia,196
Facebook,30/12/2014 0:00,253,India,253
Facebook,30/12/2014 0:00,47,Indonesia,47
Facebook,30/12/2014 0:00,51,Malaysia,51
Facebook,30/12/2014 0:00,25,New Zealand,25
Facebook,30/12/2014 0:00,15,Philippines,15
Facebook,30/12/2014 0:00,6,Singapore,6
Instagram,30/12/2014 0:00,57,Australia,57
Instagram,30/12/2014 0:00,68,India,68
Instagram,30/12/2014 0:00,57,Indonesia,57
Instagram,30/12/2014 0:00,26,Malaysia,26
Instagram,30/12/2014 0:00,8,New Zealand,8
Instagram,30/12/2014 0:00,-4,Singapore,-4
Twitter,30/12/2014 0:00,3,Australia,3
Twitter,30/12/2014 0:00,19,India,19
Twitter,30/12/2014 0:00,43,Indonesia,43
Twitter,30/12/2014 0:00,6,Malaysia,6
Twitter,30/12/2014 0:00,0,New Zealand,0
Twitter,30/12/2014 0:00,-1,Philippines,-1
Twitter,30/12/2014 0:00,-2,Singapore,-2
Facebook,31/12/2014 0:00,99,Australia,99
Facebook,31/12/2014 0:00,233,India,233
Facebook,31/12/2014 0:00,21,Indonesia,21
Facebook,31/12/2014 0:00,26,Malaysia,26
Facebook,31/12/2014 0:00,14,New Zealand,14
Facebook,31/12/2014 0:00,8,Philippines,8
Facebook,31/12/2014 0:00,0,Singapore,0
Instagram,31/12/2014 0:00,28,Australia,28
Instagram,31/12/2014 0:00,41,India,41
Instagram,31/12/2014 0:00,125,Indonesia,125
Instagram,31/12/2014 0:00,19,Malaysia,19
Instagram,31/12/2014 0:00,3,New Zealand,3
Instagram,31/12/2014 0:00,5,Singapore,5
Twitter,31/12/2014 0:00,1,Australia,1
Twitter,31/12/2014 0:00,41,India,41
Twitter,31/12/2014 0:00,39,Indonesia,39
Twitter,31/12/2014 0:00,3,Malaysia,3
Twitter,31/12/2014 0:00,4,New Zealand,4
Twitter,31/12/2014 0:00,-2,Philippines,-2
Twitter,31/12/2014 0:00,0,Singapore,0
Facebook,1/1/2015 0:00,160,Australia,160
Facebook,1/1/2015 0:00,277,India,277
Facebook,1/1/2015 0:00,17,Indonesia,17
Facebook,1/1/2015 0:00,30,Malaysia,30
Facebook,1/1/2015 0:00,14,New Zealand,14
Facebook,1/1/2015 0:00,5,Philippines,5
Facebook,1/1/2015 0:00,2,Singapore,2
Instagram,1/1/2015 0:00,18,Australia,18
Instagram,1/1/2015 0:00,81,India,81
Instagram,1/1/2015 0:00,101,Indonesia,101
Instagram,1/1/2015 0:00,15,Malaysia,15
Instagram,1/1/2015 0:00,-1,New Zealand,-1
Instagram,1/1/2015 0:00,0,Singapore,0
Twitter,1/1/2015 0:00,4,Australia,4
Twitter,1/1/2015 0:00,15,India,15
Twitter,1/1/2015 0:00,27,Indonesia,27
Twitter,1/1/2015 0:00,4,Malaysia,4
Twitter,1/1/2015 0:00,1,New Zealand,1
Twitter,1/1/2015 0:00,-1,Philippines,-1
Twitter,1/1/2015 0:00,0,Singapore,0
Facebook,2/1/2015 0:00,188,Australia,188
Facebook,2/1/2015 0:00,425,India,425
Facebook,2/1/2015 0:00,46,Indonesia,46
Facebook,2/1/2015 0:00,44,Malaysia,44
Facebook,2/1/2015 0:00,24,New Zealand,24
Facebook,2/1/2015 0:00,17,Philippines,17
Facebook,2/1/2015 0:00,9,Singapore,9
Instagram,2/1/2015 0:00,18,Australia,18
Instagram,2/1/2015 0:00,80,India,80
Instagram,2/1/2015 0:00,56,Indonesia,56
Instagram,2/1/2015 0:00,6,Malaysia,6
Instagram,2/1/2015 0:00,0,New Zealand,0
Instagram,2/1/2015 0:00,3,Singapore,3
Twitter,2/1/2015 0:00,3,Australia,3
Twitter,2/1/2015 0:00,15,India,15
Twitter,2/1/2015 0:00,42,Indonesia,42
Twitter,2/1/2015 0:00,6,Malaysia,6
Twitter,2/1/2015 0:00,2,New Zealand,2
Twitter,2/1/2015 0:00,0,Philippines,0
Twitter,2/1/2015 0:00,0,Singapore,0
Facebook,3/1/2015 0:00,139,Australia,139
Facebook,3/1/2015 0:00,71,India,71
Facebook,3/1/2015 0:00,13,Indonesia,13
Facebook,3/1/2015 0:00,17,Malaysia,17
Facebook,3/1/2015 0:00,11,New Zealand,11
Facebook,3/1/2015 0:00,3,Philippines,3
Facebook,3/1/2015 0:00,4,Singapore,4
Instagram,3/1/2015 0:00,37,Australia,37
Instagram,3/1/2015 0:00,81,India,81
Instagram,3/1/2015 0:00,66,Indonesia,66
Instagram,3/1/2015 0:00,21,Malaysia,21
Instagram,3/1/2015 0:00,2,New Zealand,2
Instagram,3/1/2015 0:00,0,Singapore,0
Twitter,3/1/2015 0:00,1,Australia,1
Twitter,3/1/2015 0:00,23,India,23
Twitter,3/1/2015 0:00,59,Indonesia,59
Twitter,3/1/2015 0:00,3,Malaysia,3
Twitter,3/1/2015 0:00,2,New Zealand,2
Twitter,3/1/2015 0:00,2,Philippines,2
Twitter,3/1/2015 0:00,0,Singapore,0
Facebook,4/1/2015 0:00,221,Australia,221
Facebook,4/1/2015 0:00,227,India,227
Facebook,4/1/2015 0:00,33,Indonesia,33
Facebook,4/1/2015 0:00,44,Malaysia,44
Facebook,4/1/2015 0:00,21,New Zealand,21
Facebook,4/1/2015 0:00,13,Philippines,13
Facebook,4/1/2015 0:00,8,Singapore,8
Instagram,4/1/2015 0:00,36,Australia,36
Instagram,4/1/2015 0:00,62,India,62
Instagram,4/1/2015 0:00,78,Indonesia,78
Instagram,4/1/2015 0:00,14,Malaysia,14
Instagram,4/1/2015 0:00,6,New Zealand,6
Instagram,4/1/2015 0:00,1,Singapore,1
Twitter,4/1/2015 0:00,2,Australia,2
Twitter,4/1/2015 0:00,2,India,2
Twitter,4/1/2015 0:00,52,Indonesia,52
Twitter,4/1/2015 0:00,5,Malaysia,5
Twitter,4/1/2015 0:00,2,New Zealand,2
Twitter,4/1/2015 0:00,0,Philippines,0
Twitter,4/1/2015 0:00,-1,Singapore,-1
Facebook,5/1/2015 0:00,81,Australia,81
Facebook,5/1/2015 0:00,174,India,174
Facebook,5/1/2015 0:00,39,Indonesia,39
Facebook,5/1/2015 0:00,43,Malaysia,43
Facebook,5/1/2015 0:00,17,New Zealand,17
Facebook,5/1/2015 0:00,7,Philippines,7
Facebook,5/1/2015 0:00,5,Singapore,5
Instagram,5/1/2015 0:00,56,Australia,56
Instagram,5/1/2015 0:00,72,India,72
Instagram,5/1/2015 0:00,54,Indonesia,54
Instagram,5/1/2015 0:00,12,Malaysia,12
Instagram,5/1/2015 0:00,4,New Zealand,4
Instagram,5/1/2015 0:00,-1,Singapore,-1
Twitter,5/1/2015 0:00,-1,Australia,-1
Twitter,5/1/2015 0:00,3,India,3
Twitter,5/1/2015 0:00,29,Indonesia,29
Twitter,5/1/2015 0:00,3,Malaysia,3
Twitter,5/1/2015 0:00,0,New Zealand,0
Twitter,5/1/2015 0:00,1,Philippines,1
Twitter,5/1/2015 0:00,-1,Singapore,-1
Facebook,6/1/2015 0:00,31,Australia,31
Facebook,6/1/2015 0:00,66,India,66
Facebook,6/1/2015 0:00,17,Indonesia,17
Facebook,6/1/2015 0:00,30,Malaysia,30
Facebook,6/1/2015 0:00,15,New Zealand,15
Facebook,6/1/2015 0:00,6,Philippines,6
Facebook,6/1/2015 0:00,5,Singapore,5
Instagram,6/1/2015 0:00,7,Australia,7
Instagram,6/1/2015 0:00,3,India,3
Instagram,6/1/2015 0:00,22,Indonesia,22
Instagram,6/1/2015 0:00,8,Malaysia,8
Instagram,6/1/2015 0:00,0,New Zealand,0
Instagram,6/1/2015 0:00,14,Singapore,14
Twitter,6/1/2015 0:00,4,Australia,4
Twitter,6/1/2015 0:00,34,India,34
Twitter,6/1/2015 0:00,27,Indonesia,27
Twitter,6/1/2015 0:00,1,Malaysia,1
Twitter,6/1/2015 0:00,3,New Zealand,3
Twitter,6/1/2015 0:00,-2,Philippines,-2
Twitter,6/1/2015 0:00,0,Singapore,0
Facebook,7/1/2015 0:00,104,Australia,104
Facebook,7/1/2015 0:00,63,India,63
Facebook,7/1/2015 0:00,18,Indonesia,18
Facebook,7/1/2015 0:00,39,Malaysia,39
Facebook,7/1/2015 0:00,26,New Zealand,26
Facebook,7/1/2015 0:00,12,Philippines,12
Facebook,7/1/2015 0:00,11,Singapore,11
Instagram,7/1/2015 0:00,67,Australia,67
Instagram,7/1/2015 0:00,124,India,124
Instagram,7/1/2015 0:00,67,Indonesia,67
Instagram,7/1/2015 0:00,20,Malaysia,20
Instagram,7/1/2015 0:00,6,New Zealand,6
Instagram,7/1/2015 0:00,12,Singapore,12
Twitter,7/1/2015 0:00,-3,Australia,-3
Twitter,7/1/2015 0:00,16,India,16
Twitter,7/1/2015 0:00,44,Indonesia,44
Twitter,7/1/2015 0:00,5,Malaysia,5
Twitter,7/1/2015 0:00,2,New Zealand,2
Twitter,7/1/2015 0:00,-2,Philippines,-2
Twitter,7/1/2015 0:00,-1,Singapore,-1
Facebook,8/1/2015 0:00,98,Australia,98
Facebook,8/1/2015 0:00,68,India,68
Facebook,8/1/2015 0:00,35,Indonesia,35
Facebook,8/1/2015 0:00,37,Malaysia,37
Facebook,8/1/2015 0:00,23,New Zealand,23
Facebook,8/1/2015 0:00,7,Philippines,7
Facebook,8/1/2015 0:00,10,Singapore,10
Instagram,8/1/2015 0:00,25,Australia,25
Instagram,8/1/2015 0:00,42,India,42
Instagram,8/1/2015 0:00,52,Indonesia,52
Instagram,8/1/2015 0:00,14,Malaysia,14
Instagram,8/1/2015 0:00,3,New Zealand,3
Instagram,8/1/2015 0:00,6,Singapore,6
Twitter,8/1/2015 0:00,-1,Australia,-1
Twitter,8/1/2015 0:00,13,India,13
Twitter,8/1/2015 0:00,41,Indonesia,41
Twitter,8/1/2015 0:00,5,Malaysia,5
Twitter,8/1/2015 0:00,3,New Zealand,3
Twitter,8/1/2015 0:00,1,Philippines,1
Twitter,8/1/2015 0:00,1,Singapore,1
Facebook,9/1/2015 0:00,112,Australia,112
Facebook,9/1/2015 0:00,90,India,90
Facebook,9/1/2015 0:00,19,Indonesia,19
Facebook,9/1/2015 0:00,38,Malaysia,38
Facebook,9/1/2015 0:00,22,New Zealand,22
Facebook,9/1/2015 0:00,13,Philippines,13
Facebook,9/1/2015 0:00,269,Singapore,269
Instagram,9/1/2015 0:00,39,Australia,39
Instagram,9/1/2015 0:00,61,India,61
Instagram,9/1/2015 0:00,49,Indonesia,49
Instagram,9/1/2015 0:00,6,Malaysia,6
Instagram,9/1/2015 0:00,1,New Zealand,1
Instagram,9/1/2015 0:00,7,Singapore,7
Twitter,9/1/2015 0:00,4,Australia,4
Twitter,9/1/2015 0:00,12,India,12
Twitter,9/1/2015 0:00,34,Indonesia,34
Twitter,9/1/2015 0:00,1,Malaysia,1
Twitter,9/1/2015 0:00,2,New Zealand,2
Twitter,9/1/2015 0:00,0,Philippines,0
Twitter,9/1/2015 0:00,0,Singapore,0
Facebook,10/1/2015 0:00,54,Australia,54
Facebook,10/1/2015 0:00,331,India,331
Facebook,10/1/2015 0:00,29,Indonesia,29
Facebook,10/1/2015 0:00,27,Malaysia,27
Facebook,10/1/2015 0:00,17,New Zealand,17
Facebook,10/1/2015 0:00,9,Philippines,9
Facebook,10/1/2015 0:00,238,Singapore,238
Instagram,10/1/2015 0:00,40,Australia,40
Instagram,10/1/2015 0:00,42,India,42
Instagram,10/1/2015 0:00,64,Indonesia,64
Instagram,10/1/2015 0:00,12,Malaysia,12
Instagram,10/1/2015 0:00,7,New Zealand,7
Instagram,10/1/2015 0:00,7,Singapore,7
Twitter,10/1/2015 0:00,0,Australia,0
Twitter,10/1/2015 0:00,14,India,14
Twitter,10/1/2015 0:00,37,Indonesia,37
Twitter,10/1/2015 0:00,1,Malaysia,1
Twitter,10/1/2015 0:00,1,New Zealand,1
Twitter,10/1/2015 0:00,1,Philippines,1
Twitter,10/1/2015 0:00,1,Singapore,1
Facebook,11/1/2015 0:00,55,Australia,55
Facebook,11/1/2015 0:00,417,India,417
Facebook,11/1/2015 0:00,15,Indonesia,15
Facebook,11/1/2015 0:00,26,Malaysia,26
Facebook,11/1/2015 0:00,21,New Zealand,21
Facebook,11/1/2015 0:00,5,Philippines,5
Facebook,11/1/2015 0:00,263,Singapore,263
Instagram,11/1/2015 0:00,18,Australia,18
Instagram,11/1/2015 0:00,36,India,36
Instagram,11/1/2015 0:00,59,Indonesia,59
Instagram,11/1/2015 0:00,12,Malaysia,12
Instagram,11/1/2015 0:00,6,New Zealand,6
Instagram,11/1/2015 0:00,5,Singapore,5
Twitter,11/1/2015 0:00,-3,Australia,-3
Twitter,11/1/2015 0:00,6,India,6
Twitter,11/1/2015 0:00,28,Indonesia,28
Twitter,11/1/2015 0:00,0,Malaysia,0
Twitter,11/1/2015 0:00,1,New Zealand,1
Twitter,11/1/2015 0:00,1,Philippines,1
Twitter,11/1/2015 0:00,0,Singapore,0
Facebook,12/1/2015 0:00,46,Australia,46
Facebook,12/1/2015 0:00,425,India,425
Facebook,12/1/2015 0:00,26,Indonesia,26
Facebook,12/1/2015 0:00,27,Malaysia,27
Facebook,12/1/2015 0:00,18,New Zealand,18
Facebook,12/1/2015 0:00,16,Philippines,16
Facebook,12/1/2015 0:00,235,Singapore,235
Instagram,12/1/2015 0:00,20,Australia,20
Instagram,12/1/2015 0:00,24,India,24
Instagram,12/1/2015 0:00,45,Indonesia,45
Instagram,12/1/2015 0:00,15,Malaysia,15
Instagram,12/1/2015 0:00,2,New Zealand,2
Instagram,12/1/2015 0:00,25,Singapore,25
Twitter,12/1/2015 0:00,2,Australia,2
Twitter,12/1/2015 0:00,24,India,24
Twitter,12/1/2015 0:00,24,Indonesia,24
Twitter,12/1/2015 0:00,8,Malaysia,8
Twitter,12/1/2015 0:00,4,New Zealand,4
Twitter,12/1/2015 0:00,2,Philippines,2
Twitter,12/1/2015 0:00,0,Singapore,0
Facebook,13/1/2015 0:00,7,Australia,7
Facebook,13/1/2015 0:00,436,India,436
Facebook,13/1/2015 0:00,31,Indonesia,31
Facebook,13/1/2015 0:00,11,Malaysia,11
Facebook,13/1/2015 0:00,23,New Zealand,23
Facebook,13/1/2015 0:00,5,Philippines,5
Facebook,13/1/2015 0:00,242,Singapore,242
Instagram,13/1/2015 0:00,49,Australia,49
Instagram,13/1/2015 0:00,24,India,24
Instagram,13/1/2015 0:00,43,Indonesia,43
Instagram,13/1/2015 0:00,6,Malaysia,6
Instagram,13/1/2015 0:00,-2,New Zealand,-2
Instagram,13/1/2015 0:00,4,Singapore,4
Twitter,13/1/2015 0:00,0,Australia,0
Twitter,13/1/2015 0:00,9,India,9
Twitter,13/1/2015 0:00,30,Indonesia,30
Twitter,13/1/2015 0:00,0,Malaysia,0
Twitter,13/1/2015 0:00,0,New Zealand,0
Twitter,13/1/2015 0:00,-5,Philippines,-5
Twitter,13/1/2015 0:00,0,Singapore,0
Facebook,14/1/2015 0:00,35,Australia,35
Facebook,14/1/2015 0:00,421,India,421
Facebook,14/1/2015 0:00,26,Indonesia,26
Facebook,14/1/2015 0:00,41,Malaysia,41
Facebook,14/1/2015 0:00,43,New Zealand,43
Facebook,14/1/2015 0:00,6,Philippines,6
Facebook,14/1/2015 0:00,199,Singapore,199
Instagram,14/1/2015 0:00,31,Australia,31
Instagram,14/1/2015 0:00,18,India,18
Instagram,14/1/2015 0:00,52,Indonesia,52
Instagram,14/1/2015 0:00,12,Malaysia,12
Instagram,14/1/2015 0:00,9,New Zealand,9
Instagram,14/1/2015 0:00,1,Singapore,1
Twitter,14/1/2015 0:00,3,Australia,3
Twitter,14/1/2015 0:00,14,India,14
Twitter,14/1/2015 0:00,27,Indonesia,27
Twitter,14/1/2015 0:00,1,Malaysia,1
Twitter,14/1/2015 0:00,1,New Zealand,1
Twitter,14/1/2015 0:00,2,Philippines,2
Twitter,14/1/2015 0:00,0,Singapore,0
Facebook,15/1/2015 0:00,49,Australia,49
Facebook,15/1/2015 0:00,421,India,421
Facebook,15/1/2015 0:00,16,Indonesia,16
Facebook,15/1/2015 0:00,33,Malaysia,33
Facebook,15/1/2015 0:00,12,New Zealand,12
Facebook,15/1/2015 0:00,12,Philippines,12
Facebook,15/1/2015 0:00,127,Singapore,127
Instagram,15/1/2015 0:00,55,Australia,55
Instagram,15/1/2015 0:00,26,India,26
Instagram,15/1/2015 0:00,82,Indonesia,82
Instagram,15/1/2015 0:00,6,Malaysia,6
Instagram,15/1/2015 0:00,5,New Zealand,5
Instagram,15/1/2015 0:00,3,Singapore,3
Twitter,15/1/2015 0:00,1,Australia,1
Twitter,15/1/2015 0:00,22,India,22
Twitter,15/1/2015 0:00,29,Indonesia,29
Twitter,15/1/2015 0:00,3,Malaysia,3
Twitter,15/1/2015 0:00,1,New Zealand,1
Twitter,15/1/2015 0:00,0,Philippines,0
Twitter,15/1/2015 0:00,1,Singapore,1
Facebook,16/1/2015 0:00,7,Australia,7
Facebook,16/1/2015 0:00,475,India,475
Facebook,16/1/2015 0:00,34,Indonesia,34
Facebook,16/1/2015 0:00,37,Malaysia,37
Facebook,16/1/2015 0:00,16,New Zealand,16
Facebook,16/1/2015 0:00,4,Philippines,4
Facebook,16/1/2015 0:00,222,Singapore,222
Instagram,16/1/2015 0:00,5,Australia,5
Instagram,16/1/2015 0:00,4,India,4
Instagram,16/1/2015 0:00,47,Indonesia,47
Instagram,16/1/2015 0:00,-2,Malaysia,-2
Instagram,16/1/2015 0:00,6,New Zealand,6
Instagram,16/1/2015 0:00,6,Singapore,6
Twitter,16/1/2015 0:00,-2,Australia,-2
Twitter,16/1/2015 0:00,43,India,43
Twitter,16/1/2015 0:00,16,Indonesia,16
Twitter,16/1/2015 0:00,-1,Malaysia,-1
Twitter,16/1/2015 0:00,-1,New Zealand,-1
Twitter,16/1/2015 0:00,2,Philippines,2
Twitter,16/1/2015 0:00,0,Singapore,0
Facebook,17/1/2015 0:00,26,Australia,26
Facebook,17/1/2015 0:00,379,India,379
Facebook,17/1/2015 0:00,18,Indonesia,18
Facebook,17/1/2015 0:00,28,Malaysia,28
Facebook,17/1/2015 0:00,12,New Zealand,12
Facebook,17/1/2015 0:00,12,Philippines,12
Facebook,17/1/2015 0:00,222,Singapore,222
Instagram,17/1/2015 0:00,57,Australia,57
Instagram,17/1/2015 0:00,87,India,87
Instagram,17/1/2015 0:00,68,Indonesia,68
Instagram,17/1/2015 0:00,14,Malaysia,14
Instagram,17/1/2015 0:00,8,New Zealand,8
Instagram,17/1/2015 0:00,5,Singapore,5
Twitter,17/1/2015 0:00,-1,Australia,-1
Twitter,17/1/2015 0:00,17,India,17
Twitter,17/1/2015 0:00,14,Indonesia,14
Twitter,17/1/2015 0:00,0,Malaysia,0
Twitter,17/1/2015 0:00,-2,New Zealand,-2
Twitter,17/1/2015 0:00,2,Philippines,2
Twitter,17/1/2015 0:00,0,Singapore,0
Facebook,18/1/2015 0:00,18,Australia,18
Facebook,18/1/2015 0:00,349,India,349
Facebook,18/1/2015 0:00,6,Indonesia,6
Facebook,18/1/2015 0:00,23,Malaysia,23
Facebook,18/1/2015 0:00,15,New Zealand,15
Facebook,18/1/2015 0:00,9,Philippines,9
Facebook,18/1/2015 0:00,244,Singapore,244
Instagram,18/1/2015 0:00,15,Australia,15
Instagram,18/1/2015 0:00,69,India,69
Instagram,18/1/2015 0:00,99,Indonesia,99
Instagram,18/1/2015 0:00,14,Malaysia,14
Instagram,18/1/2015 0:00,3,New Zealand,3
Instagram,18/1/2015 0:00,4,Singapore,4
Twitter,18/1/2015 0:00,1,Australia,1
Twitter,18/1/2015 0:00,22,India,22
Twitter,18/1/2015 0:00,37,Indonesia,37
Twitter,18/1/2015 0:00,3,Malaysia,3
Twitter,18/1/2015 0:00,1,New Zealand,1
Twitter,18/1/2015 0:00,-1,Philippines,-1
Twitter,18/1/2015 0:00,0,Singapore,0
Facebook,19/1/2015 0:00,16,Australia,16
Facebook,19/1/2015 0:00,359,India,359
Facebook,19/1/2015 0:00,24,Indonesia,24
Facebook,19/1/2015 0:00,29,Malaysia,29
Facebook,19/1/2015 0:00,24,New Zealand,24
Facebook,19/1/2015 0:00,12,Philippines,12
Facebook,19/1/2015 0:00,260,Singapore,260
Instagram,19/1/2015 0:00,43,Australia,43
Instagram,19/1/2015 0:00,53,India,53
Instagram,19/1/2015 0:00,70,Indonesia,70
Instagram,19/1/2015 0:00,7,Malaysia,7
Instagram,19/1/2015 0:00,1,New Zealand,1
Instagram,19/1/2015 0:00,6,Singapore,6
Twitter,19/1/2015 0:00,11,Australia,11
Twitter,19/1/2015 0:00,13,India,13
Twitter,19/1/2015 0:00,33,Indonesia,33
Twitter,19/1/2015 0:00,5,Malaysia,5
Twitter,19/1/2015 0:00,1,New Zealand,1
Twitter,19/1/2015 0:00,-2,Philippines,-2
Twitter,19/1/2015 0:00,0,Singapore,0
Facebook,20/1/2015 0:00,15,Australia,15
Facebook,20/1/2015 0:00,350,India,350
Facebook,20/1/2015 0:00,21,Indonesia,21
Facebook,20/1/2015 0:00,37,Malaysia,37
Facebook,20/1/2015 0:00,16,New Zealand,16
Facebook,20/1/2015 0:00,8,Philippines,8
Facebook,20/1/2015 0:00,226,Singapore,226
Instagram,20/1/2015 0:00,37,Australia,37
Instagram,20/1/2015 0:00,62,India,62
Instagram,20/1/2015 0:00,71,Indonesia,71
Instagram,20/1/2015 0:00,8,Malaysia,8
Instagram,20/1/2015 0:00,2,New Zealand,2
Instagram,20/1/2015 0:00,3,Singapore,3
Twitter,20/1/2015 0:00,2,Australia,2
Twitter,20/1/2015 0:00,14,India,14
Twitter,20/1/2015 0:00,27,Indonesia,27
Twitter,20/1/2015 0:00,-2,Malaysia,-2
Twitter,20/1/2015 0:00,1,New Zealand,1
Twitter,20/1/2015 0:00,0,Philippines,0
Twitter,20/1/2015 0:00,0,Singapore,0
Facebook,21/1/2015 0:00,1,Australia,1
Facebook,21/1/2015 0:00,355,India,355
Facebook,21/1/2015 0:00,22,Indonesia,22
Facebook,21/1/2015 0:00,29,Malaysia,29
Facebook,21/1/2015 0:00,9,New Zealand,9
Facebook,21/1/2015 0:00,80,Philippines,80
Facebook,21/1/2015 0:00,243,Singapore,243
Instagram,21/1/2015 0:00,72,Australia,72
Instagram,21/1/2015 0:00,54,India,54
Instagram,21/1/2015 0:00,73,Indonesia,73
Instagram,21/1/2015 0:00,14,Malaysia,14
Instagram,21/1/2015 0:00,0,New Zealand,0
Instagram,21/1/2015 0:00,6,Singapore,6
Twitter,21/1/2015 0:00,8,Australia,8
Twitter,21/1/2015 0:00,5,India,5
Twitter,21/1/2015 0:00,21,Indonesia,21
Twitter,21/1/2015 0:00,1,Malaysia,1
Twitter,21/1/2015 0:00,0,New Zealand,0
Twitter,21/1/2015 0:00,0,Philippines,0
Twitter,21/1/2015 0:00,-1,Singapore,-1
Facebook,22/1/2015 0:00,13,Australia,13
Facebook,22/1/2015 0:00,334,India,334
Facebook,22/1/2015 0:00,34,Indonesia,34
Facebook,22/1/2015 0:00,35,Malaysia,35
Facebook,31/1/2015 0:00,5,Australia,5
Facebook,31/1/2015 0:00,288,India,288
Facebook,31/1/2015 0:00,27,Indonesia,27
Facebook,31/1/2015 0:00,29,Malaysia,29
Facebook,31/1/2015 0:00,11,New Zealand,11
Facebook,31/1/2015 0:00,16,Philippines,16
Facebook,31/1/2015 0:00,132,Singapore,132
Instagram,31/1/2015 0:00,41,Australia,41
Instagram,31/1/2015 0:00,63,India,63
Instagram,31/1/2015 0:00,72,Indonesia,72
Instagram,31/1/2015 0:00,18,Malaysia,18
Instagram,31/1/2015 0:00,2,New Zealand,2
Instagram,31/1/2015 0:00,4,Singapore,4
Twitter,31/1/2015 0:00,2,Australia,2
Twitter,31/1/2015 0:00,18,India,18
Twitter,31/1/2015 0:00,38,Indonesia,38
Twitter,31/1/2015 0:00,2,Malaysia,2
Twitter,31/1/2015 0:00,-1,New Zealand,-1
Twitter,31/1/2015 0:00,-1,Philippines,-1
Twitter,31/1/2015 0:00,0,Singapore,0
Facebook,1/2/2015 0:00,9,Australia,9
Facebook,1/2/2015 0:00,178,India,178
Facebook,1/2/2015 0:00,21,Indonesia,21
Facebook,1/2/2015 0:00,25,Malaysia,25
Facebook,1/2/2015 0:00,14,New Zealand,14
Facebook,1/2/2015 0:00,10,Philippines,10
Facebook,1/2/2015 0:00,137,Singapore,137
Instagram,1/2/2015 0:00,57,Australia,57
Instagram,1/2/2015 0:00,48,India,48
Instagram,1/2/2015 0:00,71,Indonesia,71
Instagram,1/2/2015 0:00,19,Malaysia,19
Instagram,1/2/2015 0:00,-3,New Zealand,-3
Instagram,1/2/2015 0:00,-2,Singapore,-2
Twitter,1/2/2015 0:00,3,Australia,3
Twitter,1/2/2015 0:00,16,India,16
Twitter,1/2/2015 0:00,21,Indonesia,21
Twitter,1/2/2015 0:00,4,Malaysia,4
Twitter,1/2/2015 0:00,0,New Zealand,0
Twitter,1/2/2015 0:00,2,Philippines,2
Twitter,1/2/2015 0:00,1,Singapore,1
Facebook,2/2/2015 0:00,-2,Australia,-2
Facebook,2/2/2015 0:00,115,India,115
Facebook,2/2/2015 0:00,25,Indonesia,25
Facebook,2/2/2015 0:00,40,Malaysia,40
Facebook,2/2/2015 0:00,11,New Zealand,11
Facebook,2/2/2015 0:00,12,Philippines,12
Facebook,2/2/2015 0:00,107,Singapore,107
Instagram,2/2/2015 0:00,6,Australia,6
Instagram,2/2/2015 0:00,3,India,3
Instagram,2/2/2015 0:00,22,Indonesia,22
Instagram,2/2/2015 0:00,8,Malaysia,8
Instagram,2/2/2015 0:00,8,New Zealand,8
Instagram,2/2/2015 0:00,3,Singapore,3
Twitter,2/2/2015 0:00,-1,Australia,-1
Twitter,2/2/2015 0:00,5,India,5
Twitter,2/2/2015 0:00,35,Indonesia,35
Twitter,2/2/2015 0:00,1,Malaysia,1
Twitter,2/2/2015 0:00,-1,New Zealand,-1
Twitter,2/2/2015 0:00,-1,Philippines,-1
Twitter,2/2/2015 0:00,0,Singapore,0
Facebook,3/2/2015 0:00,8,Australia,8
Facebook,3/2/2015 0:00,76,India,76
Facebook,3/2/2015 0:00,27,Indonesia,27
Facebook,3/2/2015 0:00,24,Malaysia,24
Facebook,3/2/2015 0:00,11,New Zealand,11
Facebook,3/2/2015 0:00,15,Philippines,15
Facebook,3/2/2015 0:00,123,Singapore,123
Instagram,3/2/2015 0:00,75,Australia,75
Instagram,3/2/2015 0:00,83,India,83
Instagram,3/2/2015 0:00,96,Indonesia,96
Instagram,3/2/2015 0:00,5,Malaysia,5
Instagram,3/2/2015 0:00,4,New Zealand,4
Instagram,3/2/2015 0:00,-8,Singapore,-8
Twitter,3/2/2015 0:00,2,Australia,2
Twitter,3/2/2015 0:00,8,India,8
Twitter,3/2/2015 0:00,22,Indonesia,22
Twitter,3/2/2015 0:00,3,Malaysia,3
Twitter,3/2/2015 0:00,1,New Zealand,1
Twitter,3/2/2015 0:00,-2,Philippines,-2
Twitter,3/2/2015 0:00,-1,Singapore,-1
Facebook,4/2/2015 0:00,3,Australia,3
Facebook,4/2/2015 0:00,63,India,63
Facebook,4/2/2015 0:00,26,Indonesia,26
Facebook,4/2/2015 0:00,43,Malaysia,43
Facebook,4/2/2015 0:00,9,New Zealand,9
Facebook,4/2/2015 0:00,14,Philippines,14
Facebook,4/2/2015 0:00,111,Singapore,111
Instagram,4/2/2015 0:00,26,Australia,26
Instagram,4/2/2015 0:00,59,India,59
Instagram,4/2/2015 0:00,58,Indonesia,58
Instagram,4/2/2015 0:00,16,Malaysia,16
Instagram,4/2/2015 0:00,4,New Zealand,4
Instagram,4/2/2015 0:00,1,Singapore,1
Twitter,4/2/2015 0:00,6,Australia,6
Twitter,4/2/2015 0:00,18,India,18
Twitter,4/2/2015 0:00,19,Indonesia,19
Twitter,4/2/2015 0:00,3,Malaysia,3
Twitter,4/2/2015 0:00,2,New Zealand,2
Twitter,4/2/2015 0:00,0,Philippines,0
Twitter,4/2/2015 0:00,1,Singapore,1
Facebook,5/2/2015 0:00,7,Australia,7
Facebook,5/2/2015 0:00,51,India,51
Facebook,5/2/2015 0:00,282,Indonesia,282
Facebook,5/2/2015 0:00,44,Malaysia,44
Facebook,5/2/2015 0:00,11,New Zealand,11
Facebook,5/2/2015 0:00,6,Philippines,6
Facebook,5/2/2015 0:00,51,Singapore,51
Instagram,5/2/2015 0:00,141,Australia,141
Instagram,5/2/2015 0:00,9,India,9
Instagram,5/2/2015 0:00,56,Indonesia,56
Instagram,5/2/2015 0:00,17,Malaysia,17
Instagram,5/2/2015 0:00,5,New Zealand,5
Instagram,5/2/2015 0:00,5,Singapore,5
Twitter,5/2/2015 0:00,2,Australia,2
Twitter,5/2/2015 0:00,15,India,15
Twitter,5/2/2015 0:00,19,Indonesia,19
Twitter,5/2/2015 0:00,0,Malaysia,0
Twitter,5/2/2015 0:00,0,New Zealand,0
Twitter,5/2/2015 0:00,2,Philippines,2
Twitter,5/2/2015 0:00,0,Singapore,0
Facebook,6/2/2015 0:00,6,Australia,6
Facebook,6/2/2015 0:00,55,India,55
Facebook,6/2/2015 0:00,563,Indonesia,563
Facebook,6/2/2015 0:00,36,Malaysia,36
Facebook,6/2/2015 0:00,8,New Zealand,8
Facebook,6/2/2015 0:00,11,Philippines,11
Facebook,6/2/2015 0:00,73,Singapore,73
Instagram,6/2/2015 0:00,56,Australia,56
Instagram,6/2/2015 0:00,54,India,54
Instagram,6/2/2015 0:00,71,Indonesia,71
Instagram,6/2/2015 0:00,11,Malaysia,11
Instagram,6/2/2015 0:00,1,New Zealand,1
Instagram,6/2/2015 0:00,1,Singapore,1
Twitter,6/2/2015 0:00,2,Australia,2
Twitter,6/2/2015 0:00,13,India,13
Twitter,6/2/2015 0:00,47,Indonesia,47
Twitter,6/2/2015 0:00,3,Malaysia,3
Twitter,6/2/2015 0:00,-3,New Zealand,-3
Twitter,6/2/2015 0:00,-1,Philippines,-1
Twitter,6/2/2015 0:00,1,Singapore,1
Facebook,7/2/2015 0:00,8,Australia,8
Facebook,7/2/2015 0:00,48,India,48
Facebook,7/2/2015 0:00,504,Indonesia,504
Facebook,7/2/2015 0:00,25,Malaysia,25
Facebook,7/2/2015 0:00,9,New Zealand,9
Facebook,7/2/2015 0:00,13,Philippines,13
Facebook,7/2/2015 0:00,59,Singapore,59
Instagram,7/2/2015 0:00,32,Australia,32
Instagram,7/2/2015 0:00,40,India,40
Instagram,7/2/2015 0:00,55,Indonesia,55
Instagram,7/2/2015 0:00,15,Malaysia,15
Instagram,7/2/2015 0:00,1,New Zealand,1
Instagram,7/2/2015 0:00,3,Singapore,3
Twitter,7/2/2015 0:00,3,Australia,3
Twitter,7/2/2015 0:00,19,India,19
Twitter,7/2/2015 0:00,36,Indonesia,36
Twitter,7/2/2015 0:00,3,Malaysia,3
Twitter,7/2/2015 0:00,0,New Zealand,0
Twitter,7/2/2015 0:00,1,Philippines,1
Twitter,7/2/2015 0:00,-1,Singapore,-1
Facebook,8/2/2015 0:00,8,Australia,8
Facebook,8/2/2015 0:00,39,India,39
Facebook,8/2/2015 0:00,231,Indonesia,231
Facebook,8/2/2015 0:00,28,Malaysia,28
Facebook,8/2/2015 0:00,16,New Zealand,16
Facebook,8/2/2015 0:00,16,Philippines,16
Facebook,8/2/2015 0:00,114,Singapore,114
Instagram,8/2/2015 0:00,42,Australia,42
Instagram,8/2/2015 0:00,42,India,42
Instagram,8/2/2015 0:00,63,Indonesia,63
Instagram,8/2/2015 0:00,20,Malaysia,20
Instagram,8/2/2015 0:00,1,New Zealand,1
Instagram,8/2/2015 0:00,9,Singapore,9
Twitter,8/2/2015 0:00,2,Australia,2
Twitter,8/2/2015 0:00,10,India,10
Twitter,8/2/2015 0:00,34,Indonesia,34
Twitter,8/2/2015 0:00,5,Malaysia,5
Twitter,8/2/2015 0:00,0,New Zealand,0
Twitter,8/2/2015 0:00,0,Philippines,0
Twitter,8/2/2015 0:00,1,Singapore,1
Facebook,9/2/2015 0:00,8,Australia,8
Facebook,9/2/2015 0:00,30,India,30
Facebook,9/2/2015 0:00,128,Indonesia,128
Facebook,9/2/2015 0:00,43,Malaysia,43
Facebook,9/2/2015 0:00,14,New Zealand,14
Facebook,9/2/2015 0:00,22,Philippines,22
Facebook,9/2/2015 0:00,62,Singapore,62
Instagram,9/2/2015 0:00,57,Australia,57
Instagram,9/2/2015 0:00,41,India,41
Instagram,9/2/2015 0:00,60,Indonesia,60
Instagram,9/2/2015 0:00,0,Malaysia,0
Instagram,9/2/2015 0:00,1,New Zealand,1
Instagram,9/2/2015 0:00,3,Singapore,3
Twitter,9/2/2015 0:00,4,Australia,4
Twitter,9/2/2015 0:00,7,India,7
Twitter,9/2/2015 0:00,43,Indonesia,43
Twitter,9/2/2015 0:00,0,Malaysia,0
Twitter,9/2/2015 0:00,1,New Zealand,1
Twitter,9/2/2015 0:00,0,Philippines,0
Twitter,9/2/2015 0:00,-1,Singapore,-1
Facebook,10/2/2015 0:00,12,Australia,12
Facebook,10/2/2015 0:00,27,India,27
Facebook,10/2/2015 0:00,180,Indonesia,180
Facebook,10/2/2015 0:00,23,Malaysia,23
Facebook,10/2/2015 0:00,12,New Zealand,12
Facebook,10/2/2015 0:00,11,Philippines,11
Facebook,10/2/2015 0:00,30,Singapore,30
Instagram,10/2/2015 0:00,27,Australia,27
Instagram,10/2/2015 0:00,95,India,95
Instagram,10/2/2015 0:00,57,Indonesia,57
Instagram,10/2/2015 0:00,8,Malaysia,8
Instagram,10/2/2015 0:00,3,New Zealand,3
Instagram,10/2/2015 0:00,-1,Singapore,-1
Twitter,10/2/2015 0:00,5,Australia,5
Twitter,10/2/2015 0:00,11,India,11
Twitter,10/2/2015 0:00,32,Indonesia,32
Twitter,10/2/2015 0:00,1,Malaysia,1
Twitter,10/2/2015 0:00,2,New Zealand,2
Twitter,10/2/2015 0:00,4,Philippines,4
Twitter,10/2/2015 0:00,0,Singapore,0
Facebook,11/2/2015 0:00,32,Australia,32
Facebook,11/2/2015 0:00,38,India,38
Facebook,11/2/2015 0:00,294,Indonesia,294
Facebook,11/2/2015 0:00,45,Malaysia,45
Facebook,11/2/2015 0:00,17,New Zealand,17
Facebook,11/2/2015 0:00,16,Philippines,16
Facebook,11/2/2015 0:00,12,Singapore,12
Instagram,11/2/2015 0:00,36,Australia,36
Instagram,11/2/2015 0:00,52,India,52
Instagram,11/2/2015 0:00,59,Indonesia,59
Instagram,11/2/2015 0:00,10,Malaysia,10
Instagram,11/2/2015 0:00,3,New Zealand,3
Instagram,11/2/2015 0:00,-1,Singapore,-1
Twitter,11/2/2015 0:00,3,Australia,3
Twitter,11/2/2015 0:00,2,India,2
Twitter,11/2/2015 0:00,-158,Indonesia,-158
Twitter,11/2/2015 0:00,1,Malaysia,1
Twitter,11/2/2015 0:00,0,New Zealand,0
Twitter,11/2/2015 0:00,2,Philippines,2
Twitter,11/2/2015 0:00,0,Singapore,0
Facebook,12/2/2015 0:00,25,Australia,25
Facebook,12/2/2015 0:00,57,India,57
Facebook,12/2/2015 0:00,347,Indonesia,347
Facebook,12/2/2015 0:00,55,Malaysia,55
Facebook,12/2/2015 0:00,26,New Zealand,26
Facebook,12/2/2015 0:00,35,Philippines,35
Facebook,12/2/2015 0:00,4,Singapore,4
Instagram,12/2/2015 0:00,51,Australia,51
Instagram,12/2/2015 0:00,75,India,75
Instagram,12/2/2015 0:00,52,Indonesia,52
Instagram,12/2/2015 0:00,13,Malaysia,13
Instagram,12/2/2015 0:00,4,New Zealand,4
Instagram,12/2/2015 0:00,9,Singapore,9
Twitter,12/2/2015 0:00,5,Australia,5
Twitter,12/2/2015 0:00,8,India,8
Twitter,12/2/2015 0:00,46,Indonesia,46
Twitter,12/2/2015 0:00,2,Malaysia,2
Twitter,12/2/2015 0:00,5,New Zealand,5
Twitter,12/2/2015 0:00,4,Philippines,4
Twitter,12/2/2015 0:00,1,Singapore,1
Facebook,13/2/2015 0:00,27,Australia,27
Facebook,13/2/2015 0:00,82,India,82
Facebook,13/2/2015 0:00,230,Indonesia,230
Facebook,13/2/2015 0:00,40,Malaysia,40
Facebook,13/2/2015 0:00,16,New Zealand,16
Facebook,13/2/2015 0:00,112,Philippines,112
Facebook,13/2/2015 0:00,7,Singapore,7
Instagram,13/2/2015 0:00,36,Australia,36
Instagram,13/2/2015 0:00,43,India,43
Instagram,13/2/2015 0:00,89,Indonesia,89
Instagram,13/2/2015 0:00,5,Malaysia,5
Instagram,13/2/2015 0:00,-1,New Zealand,-1
Instagram,13/2/2015 0:00,1,Singapore,1
Twitter,13/2/2015 0:00,9,Australia,9
Twitter,13/2/2015 0:00,24,India,24
Twitter,13/2/2015 0:00,11,Indonesia,11
Twitter,13/2/2015 0:00,1,Malaysia,1
Twitter,13/2/2015 0:00,2,New Zealand,2
Twitter,13/2/2015 0:00,2,Philippines,2
Twitter,13/2/2015 0:00,-1,Singapore,-1
Facebook,14/2/2015 0:00,16,Australia,16
Facebook,14/2/2015 0:00,231,India,231
Facebook,14/2/2015 0:00,91,Indonesia,91
Facebook,14/2/2015 0:00,28,Malaysia,28
Facebook,14/2/2015 0:00,11,New Zealand,11
Facebook,14/2/2015 0:00,40,Philippines,40
Facebook,14/2/2015 0:00,5,Singapore,5
Instagram,14/2/2015 0:00,26,Australia,26
Instagram,14/2/2015 0:00,40,India,40
Instagram,14/2/2015 0:00,225,Indonesia,225
Instagram,14/2/2015 0:00,11,Malaysia,11
Instagram,14/2/2015 0:00,3,New Zealand,3
Instagram,14/2/2015 0:00,7,Singapore,7
Twitter,14/2/2015 0:00,-1,Australia,-1
Twitter,14/2/2015 0:00,21,India,21
Twitter,14/2/2015 0:00,43,Indonesia,43
Twitter,14/2/2015 0:00,0,Malaysia,0
Twitter,14/2/2015 0:00,-1,New Zealand,-1
Twitter,14/2/2015 0:00,-1,Philippines,-1
Twitter,14/2/2015 0:00,-1,Singapore,-1
Facebook,15/2/2015 0:00,22,Australia,22
Facebook,15/2/2015 0:00,445,India,445
Facebook,15/2/2015 0:00,43,Indonesia,43
Facebook,15/2/2015 0:00,26,Malaysia,26
Facebook,15/2/2015 0:00,16,New Zealand,16
Facebook,15/2/2015 0:00,18,Philippines,18
Facebook,15/2/2015 0:00,1,Singapore,1
Instagram,15/2/2015 0:00,24,Australia,24
Instagram,15/2/2015 0:00,46,India,46
Instagram,15/2/2015 0:00,100,Indonesia,100
Instagram,15/2/2015 0:00,14,Malaysia,14
Instagram,15/2/2015 0:00,0,New Zealand,0
Instagram,15/2/2015 0:00,12,Singapore,12
Twitter,15/2/2015 0:00,2,Australia,2
Twitter,15/2/2015 0:00,18,India,18
Twitter,15/2/2015 0:00,40,Indonesia,40
Twitter,15/2/2015 0:00,5,Malaysia,5
Twitter,15/2/2015 0:00,2,New Zealand,2
Twitter,15/2/2015 0:00,-1,Philippines,-1
Twitter,15/2/2015 0:00,-1,Singapore,-1
Facebook,16/2/2015 0:00,41,Australia,41
Facebook,16/2/2015 0:00,750,India,750
Facebook,16/2/2015 0:00,71,Indonesia,71
Facebook,16/2/2015 0:00,37,Malaysia,37
Facebook,16/2/2015 0:00,23,New Zealand,23
Facebook,16/2/2015 0:00,23,Philippines,23
Facebook,16/2/2015 0:00,-2,Singapore,-2
Instagram,16/2/2015 0:00,10,Australia,10
Instagram,16/2/2015 0:00,60,India,60
Instagram,16/2/2015 0:00,182,Indonesia,182
Instagram,16/2/2015 0:00,13,Malaysia,13
Instagram,16/2/2015 0:00,3,New Zealand,3
Instagram,16/2/2015 0:00,3,Singapore,3
Twitter,16/2/2015 0:00,0,Australia,0
Twitter,16/2/2015 0:00,16,India,16
Twitter,16/2/2015 0:00,15,Indonesia,15
Twitter,16/2/2015 0:00,1,Malaysia,1
Twitter,16/2/2015 0:00,-2,New Zealand,-2
Twitter,16/2/2015 0:00,2,Philippines,2
Twitter,16/2/2015 0:00,-2,Singapore,-2
Facebook,17/2/2015 0:00,17,Australia,17
Facebook,17/2/2015 0:00,597,India,597
Facebook,17/2/2015 0:00,179,Indonesia,179
Facebook,17/2/2015 0:00,27,Malaysia,27
Facebook,17/2/2015 0:00,14,New Zealand,14
Facebook,17/2/2015 0:00,4,Philippines,4
Facebook,17/2/2015 0:00,17,Singapore,17
Instagram,17/2/2015 0:00,26,Australia,26
Instagram,17/2/2015 0:00,48,India,48
Instagram,17/2/2015 0:00,82,Indonesia,82
Instagram,17/2/2015 0:00,6,Malaysia,6
Instagram,17/2/2015 0:00,2,New Zealand,2
Instagram,17/2/2015 0:00,8,Singapore,8
Twitter,17/2/2015 0:00,2,Australia,2
Twitter,17/2/2015 0:00,16,India,16
Twitter,17/2/2015 0:00,16,Indonesia,16
Twitter,17/2/2015 0:00,3,Malaysia,3
Twitter,17/2/2015 0:00,0,New Zealand,0
Twitter,17/2/2015 0:00,3,Philippines,3
Twitter,17/2/2015 0:00,-1,Singapore,-1
Facebook,18/2/2015 0:00,29,Australia,29
Facebook,18/2/2015 0:00,612,India,612
Facebook,18/2/2015 0:00,333,Indonesia,333
Facebook,18/2/2015 0:00,42,Malaysia,42
Facebook,18/2/2015 0:00,18,New Zealand,18
Facebook,18/2/2015 0:00,16,Philippines,16
Facebook,18/2/2015 0:00,7,Singapore,7
Instagram,18/2/2015 0:00,13,Australia,13
Instagram,18/2/2015 0:00,37,India,37
Instagram,18/2/2015 0:00,156,Indonesia,156
Instagram,18/2/2015 0:00,5,Malaysia,5
Instagram,18/2/2015 0:00,0,New Zealand,0
Instagram,18/2/2015 0:00,5,Singapore,5
Twitter,18/2/2015 0:00,3,Australia,3
Twitter,18/2/2015 0:00,17,India,17
Twitter,18/2/2015 0:00,14,Indonesia,14
Twitter,18/2/2015 0:00,3,Malaysia,3
Twitter,18/2/2015 0:00,3,New Zealand,3
Twitter,18/2/2015 0:00,2,Philippines,2
Twitter,18/2/2015 0:00,0,Singapore,0
Facebook,19/2/2015 0:00,38,Australia,38
Facebook,19/2/2015 0:00,541,India,541
Facebook,19/2/2015 0:00,324,Indonesia,324
Facebook,19/2/2015 0:00,26,Malaysia,26
Facebook,19/2/2015 0:00,22,New Zealand,22
Facebook,19/2/2015 0:00,23,Philippines,23
Facebook,19/2/2015 0:00,-1,Singapore,-1
Instagram,19/2/2015 0:00,30,Australia,30
Instagram,19/2/2015 0:00,36,India,36
Instagram,19/2/2015 0:00,54,Indonesia,54
Instagram,19/2/2015 0:00,-4,Malaysia,-4
Instagram,19/2/2015 0:00,4,New Zealand,4
Instagram,19/2/2015 0:00,-2,Singapore,-2
Twitter,19/2/2015 0:00,-3,Australia,-3
Twitter,19/2/2015 0:00,13,India,13
Twitter,19/2/2015 0:00,45,Indonesia,45
Twitter,19/2/2015 0:00,-1,Malaysia,-1
Twitter,19/2/2015 0:00,-1,New Zealand,-1
Twitter,19/2/2015 0:00,2,Philippines,2
Twitter,19/2/2015 0:00,1,Singapore,1
Facebook,20/2/2015 0:00,21,Australia,21
Facebook,20/2/2015 0:00,557,India,557
Facebook,20/2/2015 0:00,335,Indonesia,335
Facebook,20/2/2015 0:00,23,Malaysia,23
Facebook,20/2/2015 0:00,12,New Zealand,12
Facebook,20/2/2015 0:00,44,Philippines,44
Facebook,20/2/2015 0:00,4,Singapore,4
Instagram,20/2/2015 0:00,52,Australia,52
Instagram,20/2/2015 0:00,46,India,46
Instagram,20/2/2015 0:00,134,Indonesia,134
Instagram,20/2/2015 0:00,8,Malaysia,8
Instagram,20/2/2015 0:00,3,New Zealand,3
Instagram,20/2/2015 0:00,-1,Singapore,-1
Twitter,20/2/2015 0:00,4,Australia,4
Twitter,20/2/2015 0:00,36,India,36
Twitter,20/2/2015 0:00,48,Indonesia,48
Twitter,20/2/2015 0:00,-2,Malaysia,-2
Twitter,20/2/2015 0:00,1,New Zealand,1
Twitter,20/2/2015 0:00,3,Philippines,3
Twitter,20/2/2015 0:00,-1,Singapore,-1
Facebook,21/2/2015 0:00,28,Australia,28
Facebook,21/2/2015 0:00,533,India,533
Facebook,21/2/2015 0:00,133,Indonesia,133
Facebook,21/2/2015 0:00,30,Malaysia,30
Facebook,21/2/2015 0:00,14,New Zealand,14
Facebook,21/2/2015 0:00,28,Philippines,28
Facebook,21/2/2015 0:00,2,Singapore,2
Instagram,21/2/2015 0:00,28,Australia,28
Instagram,21/2/2015 0:00,40,India,40
Instagram,21/2/2015 0:00,81,Indonesia,81
Instagram,21/2/2015 0:00,4,Malaysia,4
Instagram,21/2/2015 0:00,6,New Zealand,6
Instagram,21/2/2015 0:00,-2,Singapore,-2
Twitter,21/2/2015 0:00,0,Australia,0
Twitter,21/2/2015 0:00,15,India,15
Twitter,21/2/2015 0:00,33,Indonesia,33
Twitter,21/2/2015 0:00,2,Malaysia,2
Twitter,21/2/2015 0:00,-1,New Zealand,-1
Twitter,21/2/2015 0:00,1,Philippines,1
Twitter,21/2/2015 0:00,0,Singapore,0
Facebook,22/2/2015 0:00,28,Australia,28
Facebook,22/2/2015 0:00,497,India,497
Facebook,22/2/2015 0:00,127,Indonesia,127
Facebook,22/2/2015 0:00,36,Malaysia,36
Facebook,22/2/2015 0:00,16,New Zealand,16
Facebook,22/2/2015 0:00,11,Philippines,11
Facebook,22/2/2015 0:00,9,Singapore,9
Instagram,22/2/2015 0:00,38,Australia,38
Instagram,22/2/2015 0:00,26,India,26
Instagram,22/2/2015 0:00,204,Indonesia,204
Instagram,22/2/2015 0:00,5,Malaysia,5
Instagram,22/2/2015 0:00,3,New Zealand,3
Instagram,22/2/2015 0:00,4,Singapore,4
Twitter,22/2/2015 0:00,1,Australia,1
Twitter,22/2/2015 0:00,31,India,31
Twitter,22/2/2015 0:00,19,Indonesia,19
Twitter,22/2/2015 0:00,2,Malaysia,2
Twitter,22/2/2015 0:00,0,New Zealand,0
Twitter,22/2/2015 0:00,2,Philippines,2
Twitter,22/2/2015 0:00,-1,Singapore,-1
Facebook,23/2/2015 0:00,39,Australia,39
Facebook,23/2/2015 0:00,544,India,544
Facebook,23/2/2015 0:00,138,Indonesia,138
Facebook,23/2/2015 0:00,33,Malaysia,33
Facebook,23/2/2015 0:00,13,New Zealand,13
Facebook,23/2/2015 0:00,14,Philippines,14
Facebook,23/2/2015 0:00,8,Singapore,8
Instagram,23/2/2015 0:00,36,Australia,36
Instagram,23/2/2015 0:00,42,India,42
Instagram,23/2/2015 0:00,66,Indonesia,66
Instagram,23/2/2015 0:00,7,Malaysia,7
Instagram,23/2/2015 0:00,1,New Zealand,1
Instagram,23/2/2015 0:00,6,Singapore,6
Twitter,23/2/2015 0:00,1,Australia,1
Twitter,23/2/2015 0:00,21,India,21
Twitter,23/2/2015 0:00,55,Indonesia,55
Twitter,23/2/2015 0:00,-2,Malaysia,-2
Twitter,23/2/2015 0:00,-1,New Zealand,-1
Twitter,23/2/2015 0:00,1,Philippines,1
Twitter,23/2/2015 0:00,-1,Singapore,-1
Facebook,24/2/2015 0:00,29,Australia,29
Facebook,24/2/2015 0:00,532,India,532
Facebook,24/2/2015 0:00,209,Indonesia,209
Facebook,24/2/2015 0:00,22,Malaysia,22
Facebook,24/2/2015 0:00,18,New Zealand,18
Facebook,24/2/2015 0:00,11,Philippines,11
Facebook,24/2/2015 0:00,14,Singapore,14
Instagram,24/2/2015 0:00,15,Australia,15
Instagram,24/2/2015 0:00,44,India,44
Instagram,24/2/2015 0:00,65,Indonesia,65
Instagram,24/2/2015 0:00,10,Malaysia,10
Instagram,24/2/2015 0:00,5,New Zealand,5
Instagram,24/2/2015 0:00,8,Singapore,8
Twitter,24/2/2015 0:00,0,Australia,0
Twitter,24/2/2015 0:00,14,India,14
Twitter,24/2/2015 0:00,50,Indonesia,50
Twitter,24/2/2015 0:00,1,Malaysia,1
Twitter,24/2/2015 0:00,1,New Zealand,1
Twitter,24/2/2015 0:00,1,Philippines,1
Twitter,24/2/2015 0:00,1,Singapore,1
Facebook,25/2/2015 0:00,13,Australia,13
Facebook,25/2/2015 0:00,474,India,474
Facebook,25/2/2015 0:00,438,Indonesia,438
Facebook,25/2/2015 0:00,3,Malaysia,3
Facebook,25/2/2015 0:00,5,New Zealand,5
Facebook,25/2/2015 0:00,12,Philippines,12
Facebook,25/2/2015 0:00,5,Singapore,5
Instagram,25/2/2015 0:00,16,Australia,16
Instagram,25/2/2015 0:00,41,India,41
Instagram,25/2/2015 0:00,134,Indonesia,134
Instagram,25/2/2015 0:00,654,Malaysia,654
Instagram,25/2/2015 0:00,3,New Zealand,3
Instagram,25/2/2015 0:00,-3,Singapore,-3
Twitter,25/2/2015 0:00,1,Australia,1
Twitter,25/2/2015 0:00,14,India,14
Twitter,25/2/2015 0:00,52,Indonesia,52
Twitter,25/2/2015 0:00,8,Malaysia,8
Twitter,25/2/2015 0:00,-1,New Zealand,-1
Twitter,25/2/2015 0:00,-2,Philippines,-2
Twitter,25/2/2015 0:00,-1,Singapore,-1
Facebook,26/2/2015 0:00,7,Australia,7
Facebook,26/2/2015 0:00,393,India,393
Facebook,26/2/2015 0:00,56,Indonesia,56
Facebook,26/2/2015 0:00,14,Malaysia,14
Facebook,26/2/2015 0:00,4,New Zealand,4
Facebook,26/2/2015 0:00,12,Philippines,12
Facebook,26/2/2015 0:00,-5,Singapore,-5
Instagram,26/2/2015 0:00,8,Australia,8
Instagram,26/2/2015 0:00,46,India,46
Instagram,26/2/2015 0:00,68,Indonesia,68
Instagram,26/2/2015 0:00,136,Malaysia,136
Instagram,26/2/2015 0:00,5,New Zealand,5
Instagram,26/2/2015 0:00,-1,Singapore,-1
Twitter,26/2/2015 0:00,4,Australia,4
Twitter,26/2/2015 0:00,9,India,9
Twitter,26/2/2015 0:00,54,Indonesia,54
Twitter,26/2/2015 0:00,4,Malaysia,4
Twitter,26/2/2015 0:00,2,New Zealand,2
Twitter,26/2/2015 0:00,0,Philippines,0
Twitter,26/2/2015 0:00,-2,Singapore,-2
Facebook,27/2/2015 0:00,8,Australia,8
Facebook,27/2/2015 0:00,347,India,347
Facebook,27/2/2015 0:00,23,Indonesia,23
Facebook,27/2/2015 0:00,8,Malaysia,8
Facebook,27/2/2015 0:00,6,New Zealand,6
Facebook,27/2/2015 0:00,6,Philippines,6
Facebook,27/2/2015 0:00,-7,Singapore,-7
Instagram,27/2/2015 0:00,27,Australia,27
Instagram,27/2/2015 0:00,38,India,38
Instagram,27/2/2015 0:00,93,Indonesia,93
Instagram,27/2/2015 0:00,52,Malaysia,52
Instagram,27/2/2015 0:00,13,New Zealand,13
Instagram,27/2/2015 0:00,4,Singapore,4
Twitter,27/2/2015 0:00,3,Australia,3
Twitter,27/2/2015 0:00,11,India,11
Twitter,27/2/2015 0:00,43,Indonesia,43
Twitter,27/2/2015 0:00,1,Malaysia,1
Twitter,27/2/2015 0:00,0,New Zealand,0
Twitter,27/2/2015 0:00,5,Philippines,5
Twitter,27/2/2015 0:00,0,Singapore,0
Facebook,28/2/2015 0:00,8,Australia,8
Facebook,28/2/2015 0:00,366,India,366
Facebook,28/2/2015 0:00,36,Indonesia,36
Facebook,28/2/2015 0:00,-3,Malaysia,-3
Facebook,28/2/2015 0:00,5,New Zealand,5
Facebook,28/2/2015 0:00,11,Philippines,11
Facebook,28/2/2015 0:00,-10,Singapore,-10
Instagram,28/2/2015 0:00,19,Australia,19
Instagram,28/2/2015 0:00,59,India,59
Instagram,28/2/2015 0:00,83,Indonesia,83
Instagram,28/2/2015 0:00,53,Malaysia,53
Instagram,28/2/2015 0:00,4,New Zealand,4
Instagram,28/2/2015 0:00,1,Singapore,1
Twitter,28/2/2015 0:00,1,Australia,1
Twitter,28/2/2015 0:00,21,India,21
Twitter,28/2/2015 0:00,48,Indonesia,48
Twitter,28/2/2015 0:00,1,Malaysia,1
Twitter,28/2/2015 0:00,0,New Zealand,0
Twitter,28/2/2015 0:00,2,Philippines,2
Twitter,28/2/2015 0:00,0,Singapore,0
Facebook,1/3/2015 0:00,4,Australia,4
Facebook,1/3/2015 0:00,242,India,242
Facebook,1/3/2015 0:00,78,Indonesia,78
Facebook,1/3/2015 0:00,7,Malaysia,7
Facebook,1/3/2015 0:00,18,New Zealand,18
Facebook,1/3/2015 0:00,5,Philippines,5
Facebook,1/3/2015 0:00,2,Singapore,2
Instagram,1/3/2015 0:00,22,Australia,22
Instagram,1/3/2015 0:00,36,India,36
Instagram,1/3/2015 0:00,95,Indonesia,95
Instagram,1/3/2015 0:00,44,Malaysia,44
Instagram,1/3/2015 0:00,0,New Zealand,0
Instagram,1/3/2015 0:00,1,Singapore,1
Twitter,1/3/2015 0:00,2,Australia,2
Twitter,1/3/2015 0:00,24,India,24
Twitter,1/3/2015 0:00,65,Indonesia,65
Twitter,1/3/2015 0:00,4,Malaysia,4
Twitter,1/3/2015 0:00,1,New Zealand,1
Twitter,1/3/2015 0:00,3,Philippines,3
Twitter,1/3/2015 0:00,1,Singapore,1
Facebook,2/3/2015 0:00,-4,Australia,-4
Facebook,2/3/2015 0:00,48,India,48
Facebook,2/3/2015 0:00,136,Indonesia,136
Facebook,2/3/2015 0:00,1,Malaysia,1
Facebook,2/3/2015 0:00,10,New Zealand,10
Facebook,2/3/2015 0:00,10,Philippines,10
Facebook,2/3/2015 0:00,-10,Singapore,-10
Instagram,2/3/2015 0:00,48,Australia,48
Instagram,2/3/2015 0:00,37,India,37
Instagram,2/3/2015 0:00,99,Indonesia,99
Instagram,2/3/2015 0:00,47,Malaysia,47
Instagram,2/3/2015 0:00,7,New Zealand,7
Instagram,2/3/2015 0:00,-5,Singapore,-5
Twitter,2/3/2015 0:00,0,Australia,0
Twitter,2/3/2015 0:00,11,India,11
Twitter,2/3/2015 0:00,-33,Indonesia,-33
Twitter,2/3/2015 0:00,2,Malaysia,2
Twitter,2/3/2015 0:00,1,New Zealand,1
Twitter,2/3/2015 0:00,3,Philippines,3
Twitter,2/3/2015 0:00,1,Singapore,1
Facebook,3/3/2015 0:00,-9,Australia,-9
Facebook,3/3/2015 0:00,10,India,10
Facebook,3/3/2015 0:00,85,Indonesia,85
Facebook,3/3/2015 0:00,14,Malaysia,14
Facebook,3/3/2015 0:00,4,New Zealand,4
Facebook,3/3/2015 0:00,11,Philippines,11
Facebook,3/3/2015 0:00,-4,Singapore,-4
Instagram,3/3/2015 0:00,-1,Australia,-1
Instagram,3/3/2015 0:00,-2,India,-2
Instagram,3/3/2015 0:00,16,Indonesia,16
Instagram,3/3/2015 0:00,14,Malaysia,14
Instagram,3/3/2015 0:00,-2,New Zealand,-2
Instagram,3/3/2015 0:00,1,Singapore,1
Twitter,3/3/2015 0:00,2,Australia,2
Twitter,3/3/2015 0:00,7,India,7
Twitter,3/3/2015 0:00,43,Indonesia,43
Twitter,3/3/2015 0:00,3,Malaysia,3
Twitter,3/3/2015 0:00,4,New Zealand,4
Twitter,3/3/2015 0:00,2,Philippines,2
Twitter,3/3/2015 0:00,0,Singapore,0
Facebook,4/3/2015 0:00,-12,Australia,-12
Facebook,4/3/2015 0:00,-42,India,-42
Facebook,4/3/2015 0:00,21,Indonesia,21
Facebook,4/3/2015 0:00,6,Malaysia,6
Facebook,4/3/2015 0:00,15,New Zealand,15
Facebook,4/3/2015 0:00,16,Philippines,16
Facebook,4/3/2015 0:00,-6,Singapore,-6
Instagram,4/3/2015 0:00,51,Australia,51
Instagram,4/3/2015 0:00,97,India,97
Instagram,4/3/2015 0:00,150,Indonesia,150
Instagram,4/3/2015 0:00,29,Malaysia,29
Instagram,4/3/2015 0:00,8,New Zealand,8
Instagram,4/3/2015 0:00,10,Singapore,10
Twitter,4/3/2015 0:00,-1,Australia,-1
Twitter,4/3/2015 0:00,18,India,18
Twitter,4/3/2015 0:00,39,Indonesia,39
Twitter,4/3/2015 0:00,5,Malaysia,5
Twitter,4/3/2015 0:00,2,New Zealand,2
Twitter,4/3/2015 0:00,1,Philippines,1
Twitter,4/3/2015 0:00,0,Singapore,0
Facebook,5/3/2015 0:00,-7,Australia,-7
Facebook,5/3/2015 0:00,312,India,312
Facebook,5/3/2015 0:00,31,Indonesia,31
Facebook,5/3/2015 0:00,8,Malaysia,8
Facebook,5/3/2015 0:00,7,New Zealand,7
Facebook,5/3/2015 0:00,8,Philippines,8
Facebook,5/3/2015 0:00,-4,Singapore,-4
Instagram,5/3/2015 0:00,26,Australia,26
Instagram,5/3/2015 0:00,41,India,41
Instagram,5/3/2015 0:00,64,Indonesia,64
Instagram,5/3/2015 0:00,21,Malaysia,21
Instagram,5/3/2015 0:00,7,New Zealand,7
Instagram,5/3/2015 0:00,7,Singapore,7
Twitter,5/3/2015 0:00,2,Australia,2
Twitter,5/3/2015 0:00,34,India,34
Twitter,5/3/2015 0:00,48,Indonesia,48
Twitter,5/3/2015 0:00,2,Malaysia,2
Twitter,5/3/2015 0:00,0,New Zealand,0
Twitter,5/3/2015 0:00,2,Philippines,2
Twitter,5/3/2015 0:00,0,Singapore,0
Facebook,6/3/2015 0:00,-8,Australia,-8
Facebook,6/3/2015 0:00,312,India,312
Facebook,6/3/2015 0:00,30,Indonesia,30
Facebook,6/3/2015 0:00,7,Malaysia,7
Facebook,6/3/2015 0:00,6,New Zealand,6
Facebook,6/3/2015 0:00,7,Philippines,7
Facebook,6/3/2015 0:00,-5,Singapore,-5
Instagram,6/3/2015 0:00,23,Australia,23
Instagram,6/3/2015 0:00,57,India,57
Instagram,6/3/2015 0:00,85,Indonesia,85
Instagram,6/3/2015 0:00,20,Malaysia,20
Instagram,6/3/2015 0:00,7,New Zealand,7
Instagram,6/3/2015 0:00,6,Singapore,6
Twitter,6/3/2015 0:00,2,Australia,2
Twitter,6/3/2015 0:00,34,India,34
Twitter,6/3/2015 0:00,47,Indonesia,47
Twitter,6/3/2015 0:00,2,Malaysia,2
Twitter,6/3/2015 0:00,-1,New Zealand,-1
Twitter,6/3/2015 0:00,2,Philippines,2
Twitter,6/3/2015 0:00,0,Singapore,0
Facebook,7/3/2015 0:00,-11,Australia,-11
Facebook,7/3/2015 0:00,403,India,403
Facebook,7/3/2015 0:00,20,Indonesia,20
Facebook,7/3/2015 0:00,30,Malaysia,30
Facebook,7/3/2015 0:00,5,New Zealand,5
Facebook,7/3/2015 0:00,41,Philippines,41
Facebook,7/3/2015 0:00,-7,Singapore,-7
Instagram,7/3/2015 0:00,31,Australia,31
Instagram,7/3/2015 0:00,46,India,46
Instagram,7/3/2015 0:00,62,Indonesia,62
Instagram,7/3/2015 0:00,45,Malaysia,45
Instagram,7/3/2015 0:00,5,New Zealand,5
Instagram,7/3/2015 0:00,1,Singapore,1
Twitter,7/3/2015 0:00,5,Australia,5
Twitter,7/3/2015 0:00,15,India,15
Twitter,7/3/2015 0:00,33,Indonesia,33
Twitter,7/3/2015 0:00,1,Malaysia,1
Twitter,7/3/2015 0:00,1,New Zealand,1
Twitter,7/3/2015 0:00,-3,Philippines,-3
Twitter,7/3/2015 0:00,1,Singapore,1
Facebook,8/3/2015 0:00,5,Australia,5
Facebook,8/3/2015 0:00,536,India,536
Facebook,8/3/2015 0:00,26,Indonesia,26
Facebook,8/3/2015 0:00,24,Malaysia,24
Facebook,8/3/2015 0:00,12,New Zealand,12
Facebook,8/3/2015 0:00,52,Philippines,52
Facebook,8/3/2015 0:00,30,Singapore,30
Instagram,8/3/2015 0:00,27,Australia,27
Instagram,8/3/2015 0:00,24,India,24
Instagram,8/3/2015 0:00,112,Indonesia,112
Instagram,8/3/2015 0:00,41,Malaysia,41
Instagram,8/3/2015 0:00,5,New Zealand,5
Instagram,8/3/2015 0:00,5,Singapore,5
Twitter,8/3/2015 0:00,-1,Australia,-1
Twitter,8/3/2015 0:00,12,India,12
Twitter,8/3/2015 0:00,53,Indonesia,53
Twitter,8/3/2015 0:00,4,Malaysia,4
Twitter,8/3/2015 0:00,3,New Zealand,3
Twitter,8/3/2015 0:00,0,Philippines,0
Twitter,8/3/2015 0:00,1,Singapore,1
Facebook,9/3/2015 0:00,3,Australia,3
Facebook,9/3/2015 0:00,548,India,548
Facebook,9/3/2015 0:00,34,Indonesia,34
Facebook,9/3/2015 0:00,9,Malaysia,9
Facebook,9/3/2015 0:00,15,New Zealand,15
Facebook,9/3/2015 0:00,2,Philippines,2
Facebook,9/3/2015 0:00,52,Singapore,52
Instagram,9/3/2015 0:00,22,Australia,22
Instagram,9/3/2015 0:00,56,India,56
Instagram,9/3/2015 0:00,121,Indonesia,121
Instagram,9/3/2015 0:00,26,Malaysia,26
Instagram,9/3/2015 0:00,1,New Zealand,1
Instagram,9/3/2015 0:00,0,Singapore,0
Twitter,9/3/2015 0:00,1,Australia,1
Twitter,9/3/2015 0:00,2,India,2
Twitter,9/3/2015 0:00,37,Indonesia,37
Twitter,9/3/2015 0:00,0,Malaysia,0
Twitter,9/3/2015 0:00,3,New Zealand,3
Twitter,9/3/2015 0:00,2,Philippines,2
Twitter,9/3/2015 0:00,1,Singapore,1
Facebook,10/3/2015 0:00,1,Australia,1
Facebook,10/3/2015 0:00,556,India,556
Facebook,10/3/2015 0:00,24,Indonesia,24
Facebook,10/3/2015 0:00,44,Malaysia,44
Facebook,10/3/2015 0:00,13,New Zealand,13
Facebook,10/3/2015 0:00,2,Philippines,2
Facebook,10/3/2015 0:00,79,Singapore,79
Instagram,10/3/2015 0:00,13,Australia,13
Instagram,10/3/2015 0:00,31,India,31
Instagram,10/3/2015 0:00,89,Indonesia,89
Instagram,10/3/2015 0:00,37,Malaysia,37
Instagram,10/3/2015 0:00,7,New Zealand,7
Instagram,10/3/2015 0:00,4,Singapore,4
Twitter,10/3/2015 0:00,2,Australia,2
Twitter,10/3/2015 0:00,10,India,10
Twitter,10/3/2015 0:00,53,Indonesia,53
Twitter,10/3/2015 0:00,6,Malaysia,6
Twitter,10/3/2015 0:00,2,New Zealand,2
Twitter,10/3/2015 0:00,-1,Philippines,-1
Twitter,10/3/2015 0:00,0,Singapore,0
Facebook,11/3/2015 0:00,7,Australia,7
Facebook,11/3/2015 0:00,445,India,445
Facebook,11/3/2015 0:00,127,Indonesia,127
Facebook,11/3/2015 0:00,30,Malaysia,30
Facebook,11/3/2015 0:00,2,New Zealand,2
Facebook,11/3/2015 0:00,6,Philippines,6
Facebook,11/3/2015 0:00,55,Singapore,55
Instagram,11/3/2015 0:00,43,Australia,43
Instagram,11/3/2015 0:00,55,India,55
Instagram,11/3/2015 0:00,86,Indonesia,86
Instagram,11/3/2015 0:00,21,Malaysia,21
Instagram,11/3/2015 0:00,1,New Zealand,1
Instagram,11/3/2015 0:00,25,Singapore,25
Twitter,11/3/2015 0:00,4,Australia,4
Twitter,11/3/2015 0:00,14,India,14
Twitter,11/3/2015 0:00,36,Indonesia,36
Twitter,11/3/2015 0:00,3,Malaysia,3
Twitter,11/3/2015 0:00,4,New Zealand,4
Twitter,11/3/2015 0:00,3,Philippines,3
Twitter,11/3/2015 0:00,1,Singapore,1
Facebook,12/3/2015 0:00,-8,Australia,-8
Facebook,12/3/2015 0:00,492,India,492
Facebook,12/3/2015 0:00,186,Indonesia,186
Facebook,12/3/2015 0:00,45,Malaysia,45
Facebook,12/3/2015 0:00,21,New Zealand,21
Facebook,12/3/2015 0:00,7,Philippines,7
Facebook,12/3/2015 0:00,22,Singapore,22
Instagram,12/3/2015 0:00,27,Australia,27
Instagram,12/3/2015 0:00,64,India,64
Instagram,12/3/2015 0:00,116,Indonesia,116
Instagram,12/3/2015 0:00,26,Malaysia,26
Instagram,12/3/2015 0:00,4,New Zealand,4
Instagram,12/3/2015 0:00,27,Singapore,27
Twitter,12/3/2015 0:00,1,Australia,1
Twitter,12/3/2015 0:00,25,India,25
Twitter,12/3/2015 0:00,48,Indonesia,48
Twitter,12/3/2015 0:00,2,Malaysia,2
Twitter,12/3/2015 0:00,4,New Zealand,4
Twitter,12/3/2015 0:00,-3,Philippines,-3
Twitter,12/3/2015 0:00,1,Singapore,1
Facebook,13/3/2015 0:00,2,Australia,2
Facebook,13/3/2015 0:00,240,India,240
Facebook,13/3/2015 0:00,150,Indonesia,150
Facebook,13/3/2015 0:00,30,Malaysia,30
Facebook,13/3/2015 0:00,0,New Zealand,0
Facebook,13/3/2015 0:00,10,Philippines,10
Facebook,13/3/2015 0:00,41,Singapore,41
Instagram,13/3/2015 0:00,50,Australia,50
Instagram,13/3/2015 0:00,49,India,49
Instagram,13/3/2015 0:00,68,Indonesia,68
Instagram,13/3/2015 0:00,8,Malaysia,8
Instagram,13/3/2015 0:00,4,New Zealand,4
Instagram,13/3/2015 0:00,6,Singapore,6
Twitter,13/3/2015 0:00,4,Australia,4
Twitter,13/3/2015 0:00,19,India,19
Twitter,13/3/2015 0:00,38,Indonesia,38
Twitter,13/3/2015 0:00,-2,Malaysia,-2
Twitter,13/3/2015 0:00,-2,New Zealand,-2
Twitter,13/3/2015 0:00,2,Philippines,2
Twitter,13/3/2015 0:00,1,Singapore,1
Facebook,14/3/2015 0:00,16,Australia,16
Facebook,14/3/2015 0:00,-5,India,-5
Facebook,14/3/2015 0:00,105,Indonesia,105
Facebook,14/3/2015 0:00,31,Malaysia,31
Facebook,14/3/2015 0:00,8,New Zealand,8
Facebook,14/3/2015 0:00,-1,Philippines,-1
Facebook,14/3/2015 0:00,29,Singapore,29
Instagram,14/3/2015 0:00,46,Australia,46
Instagram,14/3/2015 0:00,61,India,61
Instagram,14/3/2015 0:00,93,Indonesia,93
Instagram,14/3/2015 0:00,0,Malaysia,0
Instagram,14/3/2015 0:00,4,New Zealand,4
Instagram,14/3/2015 0:00,9,Singapore,9
Twitter,14/3/2015 0:00,3,Australia,3
Twitter,14/3/2015 0:00,13,India,13
Twitter,14/3/2015 0:00,37,Indonesia,37
Twitter,14/3/2015 0:00,2,Malaysia,2
Twitter,14/3/2015 0:00,-3,New Zealand,-3
Twitter,14/3/2015 0:00,3,Philippines,3
Twitter,14/3/2015 0:00,0,Singapore,0
Facebook,15/3/2015 0:00,31,Australia,31
Facebook,15/3/2015 0:00,33,India,33
Facebook,15/3/2015 0:00,104,Indonesia,104
Facebook,15/3/2015 0:00,11,Malaysia,11
Facebook,15/3/2015 0:00,8,New Zealand,8
Facebook,15/3/2015 0:00,13,Philippines,13
Facebook,15/3/2015 0:00,32,Singapore,32
Instagram,15/3/2015 0:00,41,Australia,41
Instagram,15/3/2015 0:00,54,India,54
Instagram,15/3/2015 0:00,127,Indonesia,127
Instagram,15/3/2015 0:00,12,Malaysia,12
Instagram,15/3/2015 0:00,0,New Zealand,0
Instagram,15/3/2015 0:00,3,Singapore,3
Twitter,15/3/2015 0:00,0,Australia,0
Twitter,15/3/2015 0:00,13,India,13
Twitter,15/3/2015 0:00,25,Indonesia,25
Twitter,15/3/2015 0:00,1,Malaysia,1
Twitter,15/3/2015 0:00,0,New Zealand,0
Twitter,15/3/2015 0:00,3,Philippines,3
Twitter,15/3/2015 0:00,0,Singapore,0
Facebook,16/3/2015 0:00,-1704,Australia,-1704
Facebook,16/3/2015 0:00,25,India,25
Facebook,16/3/2015 0:00,100,Indonesia,100
Facebook,16/3/2015 0:00,6,Malaysia,6
Facebook,16/3/2015 0:00,23,New Zealand,23
Facebook,16/3/2015 0:00,8,Philippines,8
Facebook,16/3/2015 0:00,23,Singapore,23
Instagram,16/3/2015 0:00,13,Australia,13
Instagram,16/3/2015 0:00,24,India,24
Instagram,16/3/2015 0:00,27,Indonesia,27
Instagram,16/3/2015 0:00,22,Malaysia,22
Instagram,16/3/2015 0:00,3,New Zealand,3
Instagram,16/3/2015 0:00,6,Singapore,6
Twitter,16/3/2015 0:00,6,Australia,6
Twitter,16/3/2015 0:00,23,India,23
Twitter,16/3/2015 0:00,50,Indonesia,50
Twitter,16/3/2015 0:00,4,Malaysia,4
Twitter,16/3/2015 0:00,6,New Zealand,6
Twitter,16/3/2015 0:00,3,Philippines,3
Twitter,16/3/2015 0:00,-1,Singapore,-1
Facebook,17/3/2015 0:00,23,Australia,23
Facebook,17/3/2015 0:00,51,India,51
Facebook,17/3/2015 0:00,-8302,Indonesia,-8302
Facebook,17/3/2015 0:00,-3,Malaysia,-3
Facebook,17/3/2015 0:00,12,New Zealand,12
Facebook,17/3/2015 0:00,-948,Philippines,-948
Facebook,17/3/2015 0:00,-13,Singapore,-13
Instagram,17/3/2015 0:00,60,Australia,60
Instagram,17/3/2015 0:00,38,India,38
Instagram,17/3/2015 0:00,93,Indonesia,93
Instagram,17/3/2015 0:00,11,Malaysia,11
Instagram,17/3/2015 0:00,0,New Zealand,0
Instagram,17/3/2015 0:00,5,Singapore,5
Twitter,17/3/2015 0:00,3,Australia,3
Twitter,17/3/2015 0:00,21,India,21
Twitter,17/3/2015 0:00,30,Indonesia,30
Twitter,17/3/2015 0:00,0,Malaysia,0
Twitter,17/3/2015 0:00,-2,New Zealand,-2
Twitter,17/3/2015 0:00,1,Philippines,1
Twitter,17/3/2015 0:00,-1,Singapore,-1
Facebook,18/3/2015 0:00,2,Australia,2
Facebook,18/3/2015 0:00,603,India,603
Facebook,18/3/2015 0:00,61,Indonesia,61
Facebook,18/3/2015 0:00,-9773,Malaysia,-9773
Facebook,18/3/2015 0:00,3,New Zealand,3
Facebook,18/3/2015 0:00,13,Philippines,13
Facebook,18/3/2015 0:00,-7,Singapore,-7
Instagram,18/3/2015 0:00,24,Australia,24
Instagram,18/3/2015 0:00,41,India,41
Instagram,18/3/2015 0:00,103,Indonesia,103
Instagram,18/3/2015 0:00,23,Malaysia,23
Instagram,18/3/2015 0:00,3,New Zealand,3
Instagram,18/3/2015 0:00,10,Singapore,10
Twitter,18/3/2015 0:00,3,Australia,3
Twitter,18/3/2015 0:00,30,India,30
Twitter,18/3/2015 0:00,17,Indonesia,17
Twitter,18/3/2015 0:00,2,Malaysia,2
Twitter,18/3/2015 0:00,3,New Zealand,3
Twitter,18/3/2015 0:00,-2,Philippines,-2
Twitter,18/3/2015 0:00,0,Singapore,0
Facebook,19/3/2015 0:00,3,Australia,3
Facebook,19/3/2015 0:00,766,India,766
Facebook,19/3/2015 0:00,1,Indonesia,1
Facebook,19/3/2015 0:00,48,Malaysia,48
Facebook,19/3/2015 0:00,-632,New Zealand,-632
Facebook,19/3/2015 0:00,7,Philippines,7
Facebook,19/3/2015 0:00,-3,Singapore,-3
Instagram,19/3/2015 0:00,25,Australia,25
Instagram,19/3/2015 0:00,43,India,43
Instagram,19/3/2015 0:00,101,Indonesia,101
Instagram,19/3/2015 0:00,13,Malaysia,13
Instagram,19/3/2015 0:00,3,New Zealand,3
Instagram,19/3/2015 0:00,5,Singapore,5
Twitter,19/3/2015 0:00,3,Australia,3
Twitter,19/3/2015 0:00,28,India,28
Twitter,19/3/2015 0:00,37,Indonesia,37
Twitter,19/3/2015 0:00,1,Malaysia,1
Twitter,19/3/2015 0:00,-1,New Zealand,-1
Twitter,19/3/2015 0:00,0,Philippines,0
Twitter,19/3/2015 0:00,0,Singapore,0
Facebook,20/3/2015 0:00,1,Australia,1
Facebook,20/3/2015 0:00,-15657,India,-15657
Facebook,20/3/2015 0:00,32,Indonesia,32
Facebook,20/3/2015 0:00,0,Malaysia,0
Facebook,20/3/2015 0:00,11,New Zealand,11
Facebook,20/3/2015 0:00,7,Philippines,7
Facebook,20/3/2015 0:00,56,Singapore,56
Instagram,20/3/2015 0:00,46,Australia,46
Instagram,20/3/2015 0:00,73,India,73
Instagram,20/3/2015 0:00,264,Indonesia,264
Instagram,20/3/2015 0:00,23,Malaysia,23
Instagram,20/3/2015 0:00,2,New Zealand,2
Instagram,20/3/2015 0:00,12,Singapore,12
Twitter,20/3/2015 0:00,1,Australia,1
Twitter,20/3/2015 0:00,11,India,11
Twitter,20/3/2015 0:00,48,Indonesia,48
Twitter,20/3/2015 0:00,-1,Malaysia,-1
Twitter,20/3/2015 0:00,0,New Zealand,0
Twitter,20/3/2015 0:00,2,Philippines,2
Twitter,20/3/2015 0:00,0,Singapore,0
Facebook,21/3/2015 0:00,3,Australia,3
Facebook,21/3/2015 0:00,1052,India,1052
Facebook,21/3/2015 0:00,73,Indonesia,73
Facebook,21/3/2015 0:00,12,Malaysia,12
Facebook,21/3/2015 0:00,1,New Zealand,1
Facebook,21/3/2015 0:00,95,Philippines,95
Facebook,21/3/2015 0:00,58,Singapore,58
Instagram,21/3/2015 0:00,36,Australia,36
Instagram,21/3/2015 0:00,37,India,37
Instagram,21/3/2015 0:00,140,Indonesia,140
Instagram,21/3/2015 0:00,14,Malaysia,14
Instagram,21/3/2015 0:00,6,New Zealand,6
Instagram,21/3/2015 0:00,10,Singapore,10
Twitter,21/3/2015 0:00,4,Australia,4
Twitter,21/3/2015 0:00,27,India,27
Twitter,21/3/2015 0:00,44,Indonesia,44
Twitter,21/3/2015 0:00,0,Malaysia,0
Twitter,21/3/2015 0:00,4,New Zealand,4
Twitter,21/3/2015 0:00,1,Philippines,1
Twitter,21/3/2015 0:00,0,Singapore,0
Facebook,22/3/2015 0:00,-1,Australia,-1
Facebook,22/3/2015 0:00,1077,India,1077
Facebook,22/3/2015 0:00,136,Indonesia,136
Facebook,22/3/2015 0:00,16,Malaysia,16
Facebook,22/3/2015 0:00,18,New Zealand,18
Facebook,22/3/2015 0:00,39,Philippines,39
Facebook,22/3/2015 0:00,65,Singapore,65
Instagram,22/3/2015 0:00,20,Australia,20
Instagram,22/3/2015 0:00,55,India,55
Instagram,22/3/2015 0:00,153,Indonesia,153
Instagram,22/3/2015 0:00,26,Malaysia,26
Instagram,22/3/2015 0:00,9,New Zealand,9
Instagram,22/3/2015 0:00,5,Singapore,5
Twitter,22/3/2015 0:00,3,Australia,3
Twitter,22/3/2015 0:00,23,India,23
Twitter,22/3/2015 0:00,46,Indonesia,46
Twitter,22/3/2015 0:00,2,Malaysia,2
Twitter,22/3/2015 0:00,2,New Zealand,2
Twitter,22/3/2015 0:00,1,Philippines,1
Twitter,22/3/2015 0:00,-1,Singapore,-1
Facebook,23/3/2015 0:00,13,Australia,13
Facebook,23/3/2015 0:00,930,India,930
Facebook,23/3/2015 0:00,84,Indonesia,84
Facebook,23/3/2015 0:00,34,Malaysia,34
Facebook,22/1/2015 0:00,27,New Zealand,27
Facebook,22/1/2015 0:00,89,Philippines,89
Facebook,22/1/2015 0:00,114,Singapore,114
Instagram,22/1/2015 0:00,78,Australia,78
Instagram,22/1/2015 0:00,64,India,64
Instagram,22/1/2015 0:00,70,Indonesia,70
Instagram,22/1/2015 0:00,12,Malaysia,12
Instagram,22/1/2015 0:00,4,New Zealand,4
Instagram,22/1/2015 0:00,9,Singapore,9
Twitter,22/1/2015 0:00,3,Australia,3
Twitter,22/1/2015 0:00,19,India,19
Twitter,22/1/2015 0:00,25,Indonesia,25
Twitter,22/1/2015 0:00,7,Malaysia,7
Twitter,22/1/2015 0:00,-2,New Zealand,-2
Twitter,22/1/2015 0:00,4,Philippines,4
Twitter,22/1/2015 0:00,0,Singapore,0
Facebook,23/1/2015 0:00,14,Australia,14
Facebook,23/1/2015 0:00,290,India,290
Facebook,23/1/2015 0:00,18,Indonesia,18
Facebook,23/1/2015 0:00,29,Malaysia,29
Facebook,23/1/2015 0:00,12,New Zealand,12
Facebook,23/1/2015 0:00,41,Philippines,41
Facebook,23/1/2015 0:00,128,Singapore,128
Instagram,23/1/2015 0:00,35,Australia,35
Instagram,23/1/2015 0:00,62,India,62
Instagram,23/1/2015 0:00,68,Indonesia,68
Instagram,23/1/2015 0:00,13,Malaysia,13
Instagram,23/1/2015 0:00,4,New Zealand,4
Instagram,23/1/2015 0:00,6,Singapore,6
Twitter,23/1/2015 0:00,-1,Australia,-1
Twitter,23/1/2015 0:00,12,India,12
Twitter,23/1/2015 0:00,12,Indonesia,12
Twitter,23/1/2015 0:00,3,Malaysia,3
Twitter,23/1/2015 0:00,-1,New Zealand,-1
Twitter,23/1/2015 0:00,0,Philippines,0
Twitter,23/1/2015 0:00,0,Singapore,0
Facebook,24/1/2015 0:00,8,Australia,8
Facebook,24/1/2015 0:00,330,India,330
Facebook,24/1/2015 0:00,7,Indonesia,7
Facebook,24/1/2015 0:00,30,Malaysia,30
Facebook,24/1/2015 0:00,16,New Zealand,16
Facebook,24/1/2015 0:00,15,Philippines,15
Facebook,24/1/2015 0:00,178,Singapore,178
Instagram,24/1/2015 0:00,52,Australia,52
Instagram,24/1/2015 0:00,67,India,67
Instagram,24/1/2015 0:00,61,Indonesia,61
Instagram,24/1/2015 0:00,6,Malaysia,6
Instagram,24/1/2015 0:00,2,New Zealand,2
Instagram,24/1/2015 0:00,6,Singapore,6
Twitter,24/1/2015 0:00,3,Australia,3
Twitter,24/1/2015 0:00,34,India,34
Twitter,24/1/2015 0:00,31,Indonesia,31
Twitter,24/1/2015 0:00,4,Malaysia,4
Twitter,24/1/2015 0:00,1,New Zealand,1
Twitter,24/1/2015 0:00,-1,Philippines,-1
Twitter,24/1/2015 0:00,0,Singapore,0
Facebook,25/1/2015 0:00,6,Australia,6
Facebook,25/1/2015 0:00,464,India,464
Facebook,25/1/2015 0:00,14,Indonesia,14
Facebook,25/1/2015 0:00,35,Malaysia,35
Facebook,25/1/2015 0:00,17,New Zealand,17
Facebook,25/1/2015 0:00,29,Philippines,29
Facebook,25/1/2015 0:00,217,Singapore,217
Instagram,25/1/2015 0:00,48,Australia,48
Instagram,25/1/2015 0:00,83,India,83
Instagram,25/1/2015 0:00,57,Indonesia,57
Instagram,25/1/2015 0:00,5,Malaysia,5
Instagram,25/1/2015 0:00,0,New Zealand,0
Instagram,25/1/2015 0:00,5,Singapore,5
Twitter,25/1/2015 0:00,5,Australia,5
Twitter,25/1/2015 0:00,22,India,22
Twitter,25/1/2015 0:00,20,Indonesia,20
Twitter,25/1/2015 0:00,5,Malaysia,5
Twitter,25/1/2015 0:00,-2,New Zealand,-2
Twitter,25/1/2015 0:00,3,Philippines,3
Twitter,25/1/2015 0:00,0,Singapore,0
Facebook,26/1/2015 0:00,8,Australia,8
Facebook,26/1/2015 0:00,343,India,343
Facebook,26/1/2015 0:00,23,Indonesia,23
Facebook,26/1/2015 0:00,52,Malaysia,52
Facebook,26/1/2015 0:00,17,New Zealand,17
Facebook,26/1/2015 0:00,20,Philippines,20
Facebook,26/1/2015 0:00,215,Singapore,215
Instagram,26/1/2015 0:00,35,Australia,35
Instagram,26/1/2015 0:00,22,India,22
Instagram,26/1/2015 0:00,24,Indonesia,24
Instagram,26/1/2015 0:00,15,Malaysia,15
Instagram,26/1/2015 0:00,1,New Zealand,1
Instagram,26/1/2015 0:00,3,Singapore,3
Twitter,26/1/2015 0:00,6,Australia,6
Twitter,26/1/2015 0:00,11,India,11
Twitter,26/1/2015 0:00,41,Indonesia,41
Twitter,26/1/2015 0:00,4,Malaysia,4
Twitter,26/1/2015 0:00,1,New Zealand,1
Twitter,26/1/2015 0:00,-1,Philippines,-1
Twitter,26/1/2015 0:00,-1,Singapore,-1
Facebook,27/1/2015 0:00,4,Australia,4
Facebook,27/1/2015 0:00,241,India,241
Facebook,27/1/2015 0:00,33,Indonesia,33
Facebook,27/1/2015 0:00,49,Malaysia,49
Facebook,27/1/2015 0:00,22,New Zealand,22
Facebook,27/1/2015 0:00,12,Philippines,12
Facebook,27/1/2015 0:00,189,Singapore,189
Instagram,27/1/2015 0:00,42,Australia,42
Instagram,27/1/2015 0:00,167,India,167
Instagram,27/1/2015 0:00,85,Indonesia,85
Instagram,27/1/2015 0:00,11,Malaysia,11
Instagram,27/1/2015 0:00,4,New Zealand,4
Instagram,27/1/2015 0:00,4,Singapore,4
Twitter,27/1/2015 0:00,2,Australia,2
Twitter,27/1/2015 0:00,34,India,34
Twitter,27/1/2015 0:00,32,Indonesia,32
Twitter,27/1/2015 0:00,4,Malaysia,4
Twitter,27/1/2015 0:00,-1,New Zealand,-1
Twitter,27/1/2015 0:00,0,Philippines,0
Twitter,27/1/2015 0:00,0,Singapore,0
Facebook,28/1/2015 0:00,-5,Australia,-5
Facebook,28/1/2015 0:00,256,India,256
Facebook,28/1/2015 0:00,16,Indonesia,16
Facebook,28/1/2015 0:00,31,Malaysia,31
Facebook,28/1/2015 0:00,21,New Zealand,21
Facebook,28/1/2015 0:00,73,Philippines,73
Facebook,28/1/2015 0:00,254,Singapore,254
Instagram,28/1/2015 0:00,10,Australia,10
Instagram,28/1/2015 0:00,129,India,129
Instagram,28/1/2015 0:00,80,Indonesia,80
Instagram,28/1/2015 0:00,17,Malaysia,17
Instagram,28/1/2015 0:00,4,New Zealand,4
Instagram,28/1/2015 0:00,0,Singapore,0
Twitter,28/1/2015 0:00,7,Australia,7
Twitter,28/1/2015 0:00,28,India,28
Twitter,28/1/2015 0:00,30,Indonesia,30
Twitter,28/1/2015 0:00,3,Malaysia,3
Twitter,28/1/2015 0:00,7,New Zealand,7
Twitter,28/1/2015 0:00,2,Philippines,2
Twitter,28/1/2015 0:00,0,Singapore,0
Facebook,29/1/2015 0:00,1,Australia,1
Facebook,29/1/2015 0:00,285,India,285
Facebook,29/1/2015 0:00,33,Indonesia,33
Facebook,29/1/2015 0:00,38,Malaysia,38
Facebook,29/1/2015 0:00,14,New Zealand,14
Facebook,29/1/2015 0:00,6,Philippines,6
Facebook,29/1/2015 0:00,159,Singapore,159
Instagram,29/1/2015 0:00,84,Australia,84
Instagram,29/1/2015 0:00,94,India,94
Instagram,29/1/2015 0:00,54,Indonesia,54
Instagram,29/1/2015 0:00,12,Malaysia,12
Instagram,29/1/2015 0:00,1,New Zealand,1
Instagram,29/1/2015 0:00,3,Singapore,3
Twitter,29/1/2015 0:00,4,Australia,4
Twitter,29/1/2015 0:00,4,India,4
Twitter,29/1/2015 0:00,22,Indonesia,22
Twitter,29/1/2015 0:00,1,Malaysia,1
Twitter,29/1/2015 0:00,1,New Zealand,1
Twitter,29/1/2015 0:00,1,Philippines,1
Twitter,29/1/2015 0:00,0,Singapore,0
Facebook,30/1/2015 0:00,4,Australia,4
Facebook,30/1/2015 0:00,408,India,408
Facebook,30/1/2015 0:00,23,Indonesia,23
Facebook,30/1/2015 0:00,43,Malaysia,43
Facebook,30/1/2015 0:00,11,New Zealand,11
Facebook,30/1/2015 0:00,13,Philippines,13
Facebook,30/1/2015 0:00,154,Singapore,154
Instagram,30/1/2015 0:00,42,Australia,42
Instagram,30/1/2015 0:00,10,India,10
Instagram,30/1/2015 0:00,83,Indonesia,83
Instagram,30/1/2015 0:00,19,Malaysia,19
Instagram,30/1/2015 0:00,-2,New Zealand,-2
Instagram,30/1/2015 0:00,2,Singapore,2
Twitter,30/1/2015 0:00,0,Australia,0
Twitter,30/1/2015 0:00,11,India,11
Twitter,30/1/2015 0:00,30,Indonesia,30
Twitter,30/1/2015 0:00,1,Malaysia,1
Twitter,30/1/2015 0:00,0,New Zealand,0
Twitter,30/1/2015 0:00,1,Philippines,1
Twitter,30/1/2015 0:00,0,Singapore,0
Facebook,23/3/2015 0:00,3,New Zealand,3
Facebook,23/3/2015 0:00,16,Philippines,16
Facebook,23/3/2015 0:00,-2702,Singapore,-2702
Instagram,23/3/2015 0:00,20,Australia,20
Instagram,23/3/2015 0:00,41,India,41
Instagram,23/3/2015 0:00,99,Indonesia,99
Instagram,23/3/2015 0:00,20,Malaysia,20
Instagram,23/3/2015 0:00,3,New Zealand,3
Instagram,23/3/2015 0:00,2,Singapore,2
Twitter,23/3/2015 0:00,1,Australia,1
Twitter,23/3/2015 0:00,17,India,17
Twitter,23/3/2015 0:00,49,Indonesia,49
Twitter,23/3/2015 0:00,2,Malaysia,2
Twitter,23/3/2015 0:00,2,New Zealand,2
Twitter,23/3/2015 0:00,4,Philippines,4
Twitter,23/3/2015 0:00,0,Singapore,0
Facebook,24/3/2015 0:00,6,Australia,6
Facebook,24/3/2015 0:00,794,India,794
Facebook,24/3/2015 0:00,223,Indonesia,223
Facebook,24/3/2015 0:00,41,Malaysia,41
Facebook,24/3/2015 0:00,6,New Zealand,6
Facebook,24/3/2015 0:00,13,Philippines,13
Facebook,24/3/2015 0:00,9,Singapore,9
Instagram,24/3/2015 0:00,39,Australia,39
Instagram,24/3/2015 0:00,65,India,65
Instagram,24/3/2015 0:00,89,Indonesia,89
Instagram,24/3/2015 0:00,9,Malaysia,9
Instagram,24/3/2015 0:00,3,New Zealand,3
Instagram,24/3/2015 0:00,5,Singapore,5
Twitter,24/3/2015 0:00,7,Australia,7
Twitter,24/3/2015 0:00,17,India,17
Twitter,24/3/2015 0:00,43,Indonesia,43
Twitter,24/3/2015 0:00,-2,Malaysia,-2
Twitter,24/3/2015 0:00,1,New Zealand,1
Twitter,24/3/2015 0:00,-1,Philippines,-1
Twitter,24/3/2015 0:00,0,Singapore,0
Facebook,25/3/2015 0:00,9,Australia,9
Facebook,25/3/2015 0:00,684,India,684
Facebook,25/3/2015 0:00,157,Indonesia,157
Facebook,25/3/2015 0:00,196,Malaysia,196
Facebook,25/3/2015 0:00,7,New Zealand,7
Facebook,25/3/2015 0:00,9,Philippines,9
Facebook,25/3/2015 0:00,9,Singapore,9
Instagram,25/3/2015 0:00,56,Australia,56
Instagram,25/3/2015 0:00,61,India,61
Instagram,25/3/2015 0:00,101,Indonesia,101
Instagram,25/3/2015 0:00,16,Malaysia,16
Instagram,25/3/2015 0:00,4,New Zealand,4
Instagram,25/3/2015 0:00,-1,Singapore,-1
Twitter,25/3/2015 0:00,3,Australia,3
Twitter,25/3/2015 0:00,13,India,13
Twitter,25/3/2015 0:00,48,Indonesia,48
Twitter,25/3/2015 0:00,1,Malaysia,1
Twitter,25/3/2015 0:00,-1,New Zealand,-1
Twitter,25/3/2015 0:00,0,Philippines,0
Twitter,25/3/2015 0:00,0,Singapore,0
Facebook,26/3/2015 0:00,-5,Australia,-5
Facebook,26/3/2015 0:00,480,India,480
Facebook,26/3/2015 0:00,140,Indonesia,140
Facebook,26/3/2015 0:00,78,Malaysia,78
Facebook,26/3/2015 0:00,14,New Zealand,14
Facebook,26/3/2015 0:00,7,Philippines,7
Facebook,26/3/2015 0:00,4,Singapore,4
Instagram,26/3/2015 0:00,64,Australia,64
Instagram,26/3/2015 0:00,52,India,52
Instagram,26/3/2015 0:00,140,Indonesia,140
Instagram,26/3/2015 0:00,14,Malaysia,14
Instagram,26/3/2015 0:00,4,New Zealand,4
Instagram,26/3/2015 0:00,4,Singapore,4
Twitter,26/3/2015 0:00,3,Australia,3
Twitter,26/3/2015 0:00,11,India,11
Twitter,26/3/2015 0:00,48,Indonesia,48
Twitter,26/3/2015 0:00,1,Malaysia,1
Twitter,26/3/2015 0:00,1,New Zealand,1
Twitter,26/3/2015 0:00,2,Philippines,2
Twitter,26/3/2015 0:00,0,Singapore,0
Facebook,27/3/2015 0:00,12,Australia,12
Facebook,27/3/2015 0:00,55,India,55
Facebook,27/3/2015 0:00,227,Indonesia,227
Facebook,27/3/2015 0:00,65,Malaysia,65
Facebook,27/3/2015 0:00,5,New Zealand,5
Facebook,27/3/2015 0:00,10,Philippines,10
Facebook,27/3/2015 0:00,6,Singapore,6
Instagram,27/3/2015 0:00,35,Australia,35
Instagram,27/3/2015 0:00,23,India,23
Instagram,27/3/2015 0:00,63,Indonesia,63
Instagram,27/3/2015 0:00,10,Malaysia,10
Instagram,27/3/2015 0:00,3,New Zealand,3
Instagram,27/3/2015 0:00,6,Singapore,6
Twitter,27/3/2015 0:00,1,Australia,1
Twitter,27/3/2015 0:00,19,India,19
Twitter,27/3/2015 0:00,49,Indonesia,49
Twitter,27/3/2015 0:00,3,Malaysia,3
Twitter,27/3/2015 0:00,0,New Zealand,0
Twitter,27/3/2015 0:00,-1,Philippines,-1
Twitter,27/3/2015 0:00,0,Singapore,0
Facebook,28/3/2015 0:00,19,Australia,19
Facebook,28/3/2015 0:00,77,India,77
Facebook,28/3/2015 0:00,134,Indonesia,134
Facebook,28/3/2015 0:00,85,Malaysia,85
Facebook,28/3/2015 0:00,16,New Zealand,16
Facebook,28/3/2015 0:00,7,Philippines,7
Facebook,28/3/2015 0:00,10,Singapore,10
Instagram,28/3/2015 0:00,53,Australia,53
Instagram,28/3/2015 0:00,60,India,60
Instagram,28/3/2015 0:00,287,Indonesia,287
Instagram,28/3/2015 0:00,15,Malaysia,15
Instagram,28/3/2015 0:00,-2,New Zealand,-2
Instagram,28/3/2015 0:00,1,Singapore,1
Twitter,28/3/2015 0:00,14,Australia,14
Twitter,28/3/2015 0:00,17,India,17
Twitter,28/3/2015 0:00,65,Indonesia,65
Twitter,28/3/2015 0:00,1,Malaysia,1
Twitter,28/3/2015 0:00,2,New Zealand,2
Twitter,28/3/2015 0:00,-1,Philippines,-1
Twitter,28/3/2015 0:00,0,Singapore,0
Facebook,29/3/2015 0:00,2,Australia,2
Facebook,29/3/2015 0:00,48,India,48
Facebook,29/3/2015 0:00,69,Indonesia,69
Facebook,29/3/2015 0:00,105,Malaysia,105
Facebook,29/3/2015 0:00,8,New Zealand,8
Facebook,29/3/2015 0:00,13,Philippines,13
Facebook,29/3/2015 0:00,14,Singapore,14
Instagram,29/3/2015 0:00,38,Australia,38
Instagram,29/3/2015 0:00,66,India,66
Instagram,29/3/2015 0:00,255,Indonesia,255
Instagram,29/3/2015 0:00,8,Malaysia,8
Instagram,29/3/2015 0:00,-5,New Zealand,-5
Instagram,29/3/2015 0:00,3,Singapore,3
Twitter,29/3/2015 0:00,3,Australia,3
Twitter,29/3/2015 0:00,19,India,19
Twitter,29/3/2015 0:00,93,Indonesia,93
Twitter,29/3/2015 0:00,4,Malaysia,4
Twitter,29/3/2015 0:00,0,New Zealand,0
Twitter,29/3/2015 0:00,-2,Philippines,-2
Twitter,29/3/2015 0:00,0,Singapore,0
Facebook,30/3/2015 0:00,5,Australia,5
Facebook,30/3/2015 0:00,59,India,59
Facebook,30/3/2015 0:00,56,Indonesia,56
Facebook,30/3/2015 0:00,109,Malaysia,109
Facebook,30/3/2015 0:00,43,New Zealand,43
Facebook,30/3/2015 0:00,5,Philippines,5
Facebook,30/3/2015 0:00,2,Singapore,2
Instagram,30/3/2015 0:00,28,Australia,28
Instagram,30/3/2015 0:00,33,India,33
Instagram,30/3/2015 0:00,157,Indonesia,157
Instagram,30/3/2015 0:00,2,Malaysia,2
Instagram,30/3/2015 0:00,2,New Zealand,2
Instagram,30/3/2015 0:00,3,Singapore,3
Twitter,30/3/2015 0:00,4,Australia,4
Twitter,30/3/2015 0:00,10,India,10
Twitter,30/3/2015 0:00,64,Indonesia,64
Twitter,30/3/2015 0:00,-2,Malaysia,-2
Twitter,30/3/2015 0:00,1,New Zealand,1
Twitter,30/3/2015 0:00,0,Philippines,0
Twitter,30/3/2015 0:00,0,Singapore,0
Facebook,31/3/2015 0:00,20,Australia,20
Facebook,31/3/2015 0:00,124,India,124
Facebook,31/3/2015 0:00,259,Indonesia,259
Facebook,31/3/2015 0:00,125,Malaysia,125
Facebook,31/3/2015 0:00,67,New Zealand,67
Facebook,31/3/2015 0:00,10,Philippines,10
Facebook,31/3/2015 0:00,109,Singapore,109
Instagram,31/3/2015 0:00,24,Australia,24
Instagram,31/3/2015 0:00,55,India,55
Instagram,31/3/2015 0:00,271,Indonesia,271
Instagram,31/3/2015 0:00,21,Malaysia,21
Instagram,31/3/2015 0:00,8,New Zealand,8
Instagram,31/3/2015 0:00,3,Singapore,3
Twitter,31/3/2015 0:00,4,Australia,4
Twitter,31/3/2015 0:00,52,India,52
Twitter,31/3/2015 0:00,82,Indonesia,82
Twitter,31/3/2015 0:00,1,Malaysia,1
Twitter,31/3/2015 0:00,1,New Zealand,1
Twitter,31/3/2015 0:00,1,Philippines,1
Twitter,31/3/2015 0:00,1,Singapore,1
